,focus_actor,release_date,title,popularity,revenue,vote_average,vote_count,genre_name,age_at_release
0,Samuel L. Jackson,1988-02-12,School Daze,3.159574,0.0,6.2,26.0,Comedy,40.0
1,Samuel L. Jackson,1989-09-15,Sea of Love,11.47316,110879513.0,6.7,141.0,Drama,41.0
2,Samuel L. Jackson,1990-08-03,Mo' Better Blues,3.079862,16153593.0,6.3,47.0,Drama,42.0
3,Samuel L. Jackson,1991-08-18,Johnny Suede,1.354816,0.0,4.7,13.0,Comedy,43.0
4,Samuel L. Jackson,1992-06-04,Patriot Games,19.637704,178051587.0,6.3,433.0,Drama,44.0
5,Samuel L. Jackson,1993-02-04,National Lampoon's Loaded Weapon 1,12.963328,0.0,5.7,157.0,Comedy,45.0
6,Samuel L. Jackson,1993-05-26,Menace II Society,3.4188709999999998,27900000.0,7.2,173.0,Drama,45.0
7,Samuel L. Jackson,1993-06-11,Jurassic Park,40.413191,920100000.0,7.6,4856.0,Adventure,45.0
8,Samuel L. Jackson,1993-09-09,True Romance,35.268557,12281551.0,7.5,749.0,Action,45.0
9,Samuel L. Jackson,1994-10-08,Pulp Fiction,121.463076,213928762.0,8.3,8428.0,Thriller,46.0
10,Samuel L. Jackson,1995-04-21,Kiss of Death,6.908939999999999,0.0,5.7,81.0,Action,47.0
11,Samuel L. Jackson,1995-05-19,Die Hard: With a Vengeance,51.88107700000001,366101666.0,6.9,2066.0,Action,47.0
12,Samuel L. Jackson,1996-07-24,A Time to Kill,25.219804999999997,152266007.0,7.0,509.0,Crime,48.0
13,Samuel L. Jackson,1996-10-11,The Long Kiss Goodnight,15.858629,89456761.0,6.5,314.0,Crime,48.0
14,Samuel L. Jackson,1996-10-11,Trees Lounge,3.443916,0.0,6.7,51.0,Comedy,48.0
15,Samuel L. Jackson,1997-09-07,Eve's Bayou,1.126941,0.0,6.1,27.0,Drama,49.0
16,Samuel L. Jackson,1997-12-24,Jackie Brown,40.631671000000004,39673162.0,7.3,1514.0,Comedy,49.0
17,Samuel L. Jackson,1998-02-13,Sphere,18.659879999999998,13100000.0,5.8,476.0,Science Fiction,50.0
18,Samuel L. Jackson,1998-07-29,The Negotiator,28.725621000000004,44547681.0,6.8,582.0,Action,50.0
19,Samuel L. Jackson,1999-07-28,Deep Blue Sea,22.991269,73648228.0,5.6,604.0,Action,51.0
20,Samuel L. Jackson,2000-06-15,Shaft,19.643365,107196498.0,5.5,308.0,Action,52.0
21,Samuel L. Jackson,2000-11-13,Unbreakable,42.006908,248118121.0,6.9,1946.0,Science Fiction,52.0
22,Samuel L. Jackson,2001-01-19,The Caveman's Valentine,4.722403,0.0,6.0,27.0,Drama,53.0
23,Samuel L. Jackson,2001-12-07,The 51st State,9.670031,14.0,5.9,173.0,Thriller,53.0
24,Samuel L. Jackson,2002-04-07,Changing Lanes,17.270539000000007,94935764.0,5.9,299.0,Action,54.0
25,Samuel L. Jackson,2002-05-15,Star Wars: Episode II - Attack of the Clones,43.987061,649398328.0,6.4,3992.0,Adventure,54.0
26,Samuel L. Jackson,2002-08-09,xXx,46.217769,277448382.0,5.8,1424.0,Action,54.0
27,Samuel L. Jackson,2003-04-18,Basic,19.226763000000002,42792561.0,6.2,286.0,Action,55.0
28,Samuel L. Jackson,2003-08-08,S.W.A.T.,34.052253,116643346.0,5.8,770.0,Action,55.0
29,Samuel L. Jackson,2004-04-16,Kill Bill: Vol. 2,50.622607,152159461.0,7.6,3948.0,Action,56.0
30,Samuel L. Jackson,2004-11-05,The Incredibles,77.817571,631442092.0,7.4,5152.0,Action,56.0
31,Samuel L. Jackson,2005-01-14,Coach Carter,23.234651,76669806.0,7.3,496.0,Drama,57.0
32,Samuel L. Jackson,2005-04-27,xXx: State of the Union,36.689223,71073932.0,4.7,549.0,Action,57.0
33,Samuel L. Jackson,2005-05-17,Star Wars: Episode III - Revenge of the Sith,44.108427,850000000.0,7.1,4116.0,Science Fiction,57.0
34,Samuel L. Jackson,2005-08-05,My Date with Drew,1.9298830000000002,0.0,6.3,16.0,Documentary,57.0
35,Samuel L. Jackson,2005-09-08,The Man,6.925644999999999,12382362.0,5.4,133.0,Action,57.0
36,Samuel L. Jackson,2006-08-06,Snakes on a Plane,19.642328,62022014.0,5.1,497.0,Action,58.0
37,Samuel L. Jackson,2006-12-01,Farce of the Penguins,1.9632189999999998,0.0,3.2,13.0,Comedy,58.0
38,Samuel L. Jackson,2006-12-08,Black Snake Moan,11.429607,10903846.0,6.6,243.0,Drama,58.0
39,Samuel L. Jackson,2007-06-14,Resurrecting the Champ,4.898437,0.0,5.9,60.0,Drama,59.0
40,Samuel L. Jackson,2007-07-12,1408,35.169779,94679598.0,6.5,1343.0,Horror,59.0
41,Samuel L. Jackson,2008-02-10,Jumper,21.218000000000004,222231186.0,5.9,1799.0,Adventure,60.0
42,Samuel L. Jackson,2008-09-19,Lakeview Terrace,20.495749,27640028.0,5.9,292.0,Drama,60.0
43,Samuel L. Jackson,2008-11-07,Soul Men,5.483671,0.0,6.3,47.0,Comedy,60.0
44,Samuel L. Jackson,2008-12-25,The Spirit,14.84856,39031337.0,4.7,320.0,Action,60.0
45,Samuel L. Jackson,2009-10-15,Astro Boy,24.857079000000002,44091067.0,6.1,409.0,Animation,61.0
46,Samuel L. Jackson,2009-11-07,Mother and Child,5.517597,0.0,6.7,46.0,Drama,61.0
47,Samuel L. Jackson,2010-04-28,Iron Man 2,77.30019399999998,623933331.0,6.6,6849.0,Adventure,62.0
48,Samuel L. Jackson,2010-08-06,The Other Guys,24.399642,170432927.0,6.1,1383.0,Action,62.0
49,Samuel L. Jackson,2011-07-22,Captain America: The First Avenger,74.50624599999998,370569774.0,6.6,7047.0,Action,63.0
50,Samuel L. Jackson,2012-06-05,Zambezia,14.182301,0.0,5.3,68.0,Comedy,64.0
51,Samuel L. Jackson,2012-12-25,Django Unchained,82.121691,425368238.0,7.8,10099.0,Drama,64.0
52,Samuel L. Jackson,2013-07-11,Turbo,44.765377,282570682.0,6.1,1074.0,Animation,65.0
53,Samuel L. Jackson,2014-01-30,RoboCop,66.757869,242688965.0,5.7,2342.0,Action,66.0
54,Samuel L. Jackson,2014-03-20,Captain America: The Winter Soldier,72.22526500000002,714766572.0,7.6,5764.0,Action,66.0
55,Samuel L. Jackson,2015-04-22,Avengers: Age of Ultron,134.27922900000002,1405403694.0,7.3,6767.0,Action,67.0
56,Samuel L. Jackson,2015-12-25,The Hateful Eight,68.717016,155760117.0,7.6,4274.0,Crime,67.0
57,Samuel L. Jackson,2016-06-29,The Legend of Tarzan,42.741719,356743061.0,5.5,2430.0,Action,68.0
0,Robert De Niro,1973-10-02,Mean Streets,17.002095999999998,3000000.0,7.2,345.0,Drama,30.0
1,Robert De Niro,1974-12-20,The Godfather: Part II,105.79293600000001,47542841.0,8.3,3338.0,Drama,31.0
2,Robert De Niro,1976-02-07,Taxi Driver,58.845025,28262574.0,8.0,2535.0,Crime,33.0
3,Robert De Niro,1977-06-21,"New York, New York",3.876242,0.0,6.1,67.0,Drama,34.0
4,Robert De Niro,1978-12-08,The Deer Hunter,19.786392000000006,50000000.0,7.8,921.0,Drama,35.0
5,Robert De Niro,1980-11-14,Raging Bull,35.524457,23000000.0,7.7,938.0,Drama,37.0
6,Robert De Niro,1984-02-16,Once Upon a Time in America,49.336397,0.0,8.2,1069.0,Drama,41.0
7,Robert De Niro,1985-02-20,Brazil,41.089863,0.0,7.5,861.0,Comedy,42.0
8,Robert De Niro,1987-06-02,The Untouchables,38.272889,76270454.0,7.6,1384.0,Crime,44.0
9,Robert De Niro,1988-07-20,Midnight Run,12.821328999999999,38413606.0,7.2,238.0,Adventure,45.0
10,Robert De Niro,1989-12-15,We're No Angels,9.927017999999999,0.0,5.6,105.0,Comedy,46.0
11,Robert De Niro,1990-09-12,GoodFellas,63.65424399999999,46836394.0,8.2,3128.0,Drama,47.0
12,Robert De Niro,1991-11-15,Cape Fear,27.714043,182300000.0,7.0,675.0,Crime,48.0
13,Robert De Niro,1995-11-22,Casino,40.06688,116112375.0,7.8,1307.0,Drama,52.0
14,Robert De Niro,1996-08-15,The Fan,4.3664879999999995,18626419.0,5.7,194.0,Drama,53.0
15,Robert De Niro,1996-10-18,Sleepers,16.245068,165615285.0,7.3,715.0,Crime,53.0
16,Robert De Niro,1996-12-18,Marvin's Room,6.130231,0.0,6.6,124.0,Drama,53.0
17,Robert De Niro,1997-08-15,Cop Land,19.284129,44862187.0,6.6,382.0,Action,54.0
18,Robert De Niro,1997-12-24,Jackie Brown,40.631671000000004,39673162.0,7.3,1514.0,Comedy,54.0
19,Robert De Niro,1997-12-25,Wag the Dog,13.581966,64256513.0,6.7,270.0,Comedy,54.0
20,Robert De Niro,1998-09-25,Ronin,32.657488,41610884.0,6.7,658.0,Action,55.0
21,Robert De Niro,1999-03-05,Analyze This,29.415228999999997,176885658.0,6.4,503.0,Comedy,56.0
22,Robert De Niro,1999-11-26,Flawless,5.271559,4488529.0,5.9,56.0,Comedy,56.0
23,Robert De Niro,2000-06-30,The Adventures of Rocky & Bullwinkle,8.981427,35134820.0,3.9,87.0,Action,57.0
24,Robert De Niro,2000-09-13,Men of Honor,24.147269,48814909.0,7.0,544.0,Drama,57.0
25,Robert De Niro,2000-10-06,Meet the Parents,29.97224000000001,330444045.0,6.6,1698.0,Comedy,57.0
26,Robert De Niro,2001-03-01,15 Minutes,15.205371,56359980.0,5.7,191.0,Action,58.0
27,Robert De Niro,2001-07-13,The Score,22.572323,71069884.0,6.7,423.0,Action,58.0
28,Robert De Niro,2002-09-06,City By The Sea,3.4769660000000004,22433915.0,5.7,92.0,Crime,59.0
29,Robert De Niro,2002-12-06,Analyze That,21.08952,55003135.0,5.7,380.0,Comedy,59.0
30,Robert De Niro,2004-01-01,The Bridge of San Luis Rey,0.515677,0.0,5.4,15.0,Romance,61.0
31,Robert De Niro,2004-04-30,Godsend,12.10235,30114487.0,4.7,114.0,Drama,61.0
32,Robert De Niro,2004-06-25,Fahrenheit 9/11,16.20985,119114517.0,6.8,397.0,Documentary,61.0
33,Robert De Niro,2004-09-20,Shark Tale,47.094369,367275019.0,5.8,1557.0,Animation,61.0
34,Robert De Niro,2004-12-22,Meet the Fockers,32.829538,516642939.0,6.1,1373.0,Comedy,61.0
35,Robert De Niro,2005-01-27,Hide and Seek,18.228538,122644820.0,6.1,440.0,Horror,62.0
36,Robert De Niro,2007-08-09,Stardust,48.03273400000001,135560026.0,7.1,1184.0,Adventure,64.0
37,Robert De Niro,2008-09-11,Righteous Kill,18.380176000000002,73174566.0,5.9,375.0,Action,65.0
38,Robert De Niro,2008-10-17,What Just Happened,8.31653,6673422.0,5.2,127.0,Comedy,65.0
39,Robert De Niro,2009-12-04,Everybody's Fine,15.440465,0.0,6.5,284.0,Drama,66.0
40,Robert De Niro,2010-09-01,Machete,26.396190999999998,31327899.0,6.3,1150.0,Action,67.0
41,Robert De Niro,2010-10-07,Stone,12.445176,9479718.0,5.2,192.0,Drama,67.0
42,Robert De Niro,2010-12-21,Little Fockers,32.389353,310650585.0,5.4,1060.0,Comedy,67.0
43,Robert De Niro,2011-09-23,Killer Elite,29.50148900000001,57777106.0,6.1,695.0,Action,68.0
44,Robert De Niro,2011-12-08,New Year's Eve,21.219292000000006,142044638.0,5.7,718.0,Comedy,68.0
45,Robert De Niro,2012-03-02,Red Lights,22.748174,13551174.0,6.0,376.0,Thriller,69.0
46,Robert De Niro,2012-09-08,Silver Linings Playbook,63.599973,205738714.0,6.9,4742.0,Drama,69.0
47,Robert De Niro,2013-04-25,The Big Wedding,18.843320000000002,21819348.0,5.7,414.0,Comedy,70.0
48,Robert De Niro,2013-10-31,Last Vegas,28.04350800000001,134402450.0,6.4,799.0,Comedy,70.0
49,Robert De Niro,2013-12-25,Grudge Match,21.362949,44907260.0,6.0,433.0,Comedy,70.0
50,Robert De Niro,2015-09-24,The Intern,53.114573,194564672.0,7.1,1881.0,Comedy,72.0
51,Robert De Niro,2015-11-13,Heist,15.079993,4100000.0,5.6,318.0,Crime,72.0
52,Robert De Niro,2015-12-24,Joy,29.876507,101134059.0,6.4,1581.0,Drama,72.0
53,Robert De Niro,2016-01-21,Dirty Grandpa,56.805781,94073028.0,5.7,1406.0,Comedy,73.0
54,Robert De Niro,2016-08-26,Hands of Stone,7.444189,0.0,6.1,109.0,Drama,73.0
0,Morgan Freeman,1989-12-13,Driving Miss Daisy,19.585801,145793296.0,7.0,350.0,Comedy,52.0
1,Morgan Freeman,1989-12-15,Glory,16.102271,26828365.0,7.4,383.0,War,52.0
2,Morgan Freeman,1991-06-14,Robin Hood: Prince of Thieves,28.803728999999997,390493908.0,6.6,909.0,Adventure,54.0
3,Morgan Freeman,1992-08-07,Unforgiven,37.380435,159157447.0,7.7,1113.0,Western,55.0
4,Morgan Freeman,1994-09-23,The Shawshank Redemption,136.747729,28341469.0,8.5,8205.0,Drama,57.0
5,Morgan Freeman,1995-03-10,Outbreak,30.397496000000004,189859560.0,6.3,513.0,Action,58.0
6,Morgan Freeman,1995-09-22,Se7en,79.579532,327311859.0,8.1,5765.0,Crime,58.0
7,Morgan Freeman,1996-08-02,Chain Reaction,20.588620000000002,60209334.0,5.3,284.0,Action,59.0
8,Morgan Freeman,1997-10-03,Kiss the Girls,18.913,60527873.0,6.2,345.0,Drama,60.0
9,Morgan Freeman,1997-12-03,Amistad,3.6982760000000003,74000000.0,6.8,316.0,Drama,60.0
10,Morgan Freeman,1998-01-16,Hard Rain,10.930537,19870567.0,5.5,179.0,Thriller,61.0
11,Morgan Freeman,1998-05-08,Deep Impact,34.070054,140464664.0,5.9,855.0,Action,61.0
12,Morgan Freeman,2000-09-08,Nurse Betty,3.572339,0.0,5.9,111.0,Comedy,63.0
13,Morgan Freeman,2001-04-06,Along Came a Spider,21.252797,105178561.0,6.1,400.0,Crime,64.0
14,Morgan Freeman,2002-04-03,High Crimes,14.046705,63781810.0,6.1,184.0,Drama,65.0
15,Morgan Freeman,2002-05-31,The Sum of All Fears,22.392544,193000000.0,5.9,437.0,Thriller,65.0
16,Morgan Freeman,2003-03-21,Dreamcatcher,26.792794,75715436.0,5.3,567.0,Drama,66.0
17,Morgan Freeman,2003-05-23,Bruce Almighty,109.68478799999998,484572835.0,6.4,3012.0,Fantasy,66.0
18,Morgan Freeman,2004-01-30,The Big Bounce,6.397387999999999,6808550.0,5.0,76.0,Comedy,67.0
19,Morgan Freeman,2004-12-15,Million Dollar Baby,70.456012,216763646.0,7.7,2439.0,Drama,67.0
20,Morgan Freeman,2005-01-26,March of the Penguins,17.537154,127392239.0,6.9,358.0,Documentary,68.0
21,Morgan Freeman,2005-02-02,Unleashed,25.999888000000002,50871113.0,6.6,518.0,Action,68.0
22,Morgan Freeman,2005-06-10,Batman Begins,115.040024,374218673.0,7.5,7359.0,Action,68.0
23,Morgan Freeman,2005-06-28,War of the Worlds,48.572726,591739379.0,6.2,2322.0,Adventure,68.0
24,Morgan Freeman,2005-09-09,An Unfinished Life,6.353971,18618284.0,6.7,161.0,Drama,68.0
25,Morgan Freeman,2006-02-24,Lucky Number Slevin,36.921445,56308881.0,7.4,1323.0,Drama,69.0
26,Morgan Freeman,2007-06-09,Evan Almighty,27.082182,173000000.0,5.3,1151.0,Fantasy,70.0
27,Morgan Freeman,2007-12-25,The Bucket List,31.305335999999997,175372502.0,7.0,1111.0,Drama,70.0
28,Morgan Freeman,2008-06-19,Wanted,73.82289,258270008.0,6.4,2528.0,Action,71.0
29,Morgan Freeman,2008-07-16,The Dark Knight,187.322927,1004558444.0,8.2,12002.0,Drama,71.0
30,Morgan Freeman,2009-12-10,Invictus,23.85119,122233971.0,7.0,1125.0,Drama,72.0
31,Morgan Freeman,2010-10-13,RED,41.430245,71664962.0,6.6,2808.0,Action,73.0
32,Morgan Freeman,2011-09-23,Dolphin Tale,6.638389999999999,95404397.0,6.7,163.0,Drama,74.0
33,Morgan Freeman,2012-07-16,The Dark Knight Rises,112.31295,1084939099.0,7.6,9106.0,Action,75.0
34,Morgan Freeman,2013-03-20,Olympus Has Fallen,59.428222999999996,161025640.0,6.2,2981.0,Action,76.0
35,Morgan Freeman,2013-04-10,Oblivion,67.698004,286168572.0,6.4,4800.0,Action,76.0
36,Morgan Freeman,2013-05-29,Now You See Me,71.124686,117698894.0,7.3,5487.0,Thriller,76.0
37,Morgan Freeman,2013-10-31,Last Vegas,28.04350800000001,134402450.0,6.4,799.0,Comedy,76.0
38,Morgan Freeman,2014-02-06,The Lego Movie,59.54792800000001,469160692.0,7.5,3070.0,Adventure,77.0
39,Morgan Freeman,2014-04-16,Transcendence,58.991388,103039258.0,5.9,2295.0,Thriller,77.0
40,Morgan Freeman,2014-07-14,Lucy,115.241998,126546825.0,6.3,5878.0,Action,77.0
41,Morgan Freeman,2014-09-12,Dolphin Tale 2,6.967857,52424533.0,6.7,96.0,Family,77.0
42,Morgan Freeman,2015-06-25,Ted 2,68.734513,217022588.0,6.2,2463.0,Comedy,78.0
43,Morgan Freeman,2016-03-02,London Has Fallen,61.849520999999996,205754447.0,5.8,1621.0,Action,79.0
44,Morgan Freeman,2016-06-02,Now You See Me 2,51.535701,334901337.0,6.7,3235.0,Action,79.0
45,Morgan Freeman,2016-08-17,Ben-Hur,29.608321999999998,94061311.0,5.3,621.0,Drama,79.0
0,Bruce Willis,1988-07-15,Die Hard,66.169628,140767956.0,7.5,3948.0,Action,33.0
1,Bruce Willis,1990-07-02,Die Hard 2,57.69846999999999,240031094.0,6.6,1896.0,Action,35.0
2,Bruce Willis,1991-05-23,Hudson Hawk,16.803457,17218080.0,5.4,269.0,Action,36.0
3,Bruce Willis,1992-07-30,Death Becomes Her,29.498303999999997,149022650.0,6.3,636.0,Fantasy,37.0
4,Bruce Willis,1994-10-08,Pulp Fiction,121.463076,213928762.0,8.3,8428.0,Thriller,39.0
5,Bruce Willis,1995-05-19,Die Hard: With a Vengeance,51.88107700000001,366101666.0,6.9,2066.0,Action,40.0
6,Bruce Willis,1995-12-09,Four Rooms,22.87623,4300000.0,6.5,530.0,Crime,40.0
7,Bruce Willis,1996-12-15,Beavis and Butt-Head Do America,12.60629,0.0,6.5,168.0,Animation,41.0
8,Bruce Willis,1997-05-07,The Fifth Element,109.528572,263920180.0,7.3,3885.0,Adventure,42.0
9,Bruce Willis,1997-11-14,The Jackal,19.747459,159330280.0,6.1,527.0,Action,42.0
10,Bruce Willis,1998-04-03,Mercury Rising,18.877795000000006,0.0,6.0,368.0,Action,43.0
11,Bruce Willis,1998-07-01,Armageddon,58.485967,553799566.0,6.4,2482.0,Action,43.0
12,Bruce Willis,1998-11-06,The Siege,20.089933,116672912.0,6.0,352.0,Drama,43.0
13,Bruce Willis,1999-02-13,Breakfast of Champions,2.695896,0.0,5.2,28.0,Comedy,44.0
14,Bruce Willis,1999-08-06,The Sixth Sense,73.085576,672806292.0,7.7,3147.0,Mystery,44.0
15,Bruce Willis,1999-10-13,The Story of Us,6.22577,58900031.0,5.9,75.0,Comedy,44.0
16,Bruce Willis,2000-02-18,The Whole Nine Yards,23.441135,106371651.0,6.2,531.0,Comedy,45.0
17,Bruce Willis,2000-07-07,The Kid,18.281798000000002,69700000.0,6.0,238.0,Fantasy,45.0
18,Bruce Willis,2000-11-13,Unbreakable,42.006908,248118121.0,6.9,1946.0,Science Fiction,45.0
19,Bruce Willis,2001-10-12,Bandits,24.353302,67631903.0,6.2,302.0,Action,46.0
20,Bruce Willis,2002-02-15,Hart's War,14.244518,32287044.0,5.9,241.0,Drama,47.0
21,Bruce Willis,2003-03-07,Tears of the Sun,27.055085,85632458.0,6.4,573.0,Action,48.0
22,Bruce Willis,2004-04-07,The Whole Ten Yards,14.729385999999998,26155781.0,5.5,278.0,Comedy,49.0
23,Bruce Willis,2005-03-09,Hostage,23.663713,77944725.0,6.2,512.0,Mystery,50.0
24,Bruce Willis,2005-04-01,Sin City,66.003433,158733820.0,7.2,2691.0,Action,50.0
25,Bruce Willis,2006-02-24,Lucky Number Slevin,36.921445,56308881.0,7.4,1323.0,Drama,51.0
26,Bruce Willis,2006-03-01,16 Blocks,32.31022,65664721.0,6.2,661.0,Action,51.0
27,Bruce Willis,2006-04-22,Over the Hedge,36.32705,343397247.0,6.3,1074.0,Comedy,51.0
28,Bruce Willis,2007-06-20,Live Free or Die Hard,48.933370000000004,383531464.0,6.4,2089.0,Action,52.0
29,Bruce Willis,2008-10-17,What Just Happened,8.31653,6673422.0,5.2,127.0,Comedy,53.0
30,Bruce Willis,2009-09-24,Surrogates,36.664991,122444772.0,5.9,1195.0,Action,54.0
31,Bruce Willis,2010-02-26,Cop Out,25.825771,55583804.0,5.3,511.0,Action,55.0
32,Bruce Willis,2010-10-13,RED,41.430245,71664962.0,6.6,2808.0,Action,55.0
33,Bruce Willis,2012-04-04,The Cold Light of Day,15.131867000000002,16863583.0,4.8,271.0,Action,57.0
34,Bruce Willis,2012-05-16,Moonrise Kingdom,41.083914,68263166.0,7.6,1662.0,Comedy,57.0
35,Bruce Willis,2012-08-08,The Expendables 2,53.73289200000001,312573423.0,6.1,2896.0,Action,57.0
36,Bruce Willis,2012-09-26,Looper,46.377628,47042000.0,6.6,4697.0,Action,57.0
37,Bruce Willis,2013-02-06,A Good Day to Die Hard,65.40259499999999,304654182.0,5.2,3493.0,Action,58.0
38,Bruce Willis,2013-03-26,G.I. Joe: Retaliation,59.325589,371876278.0,5.4,3025.0,Adventure,58.0
39,Bruce Willis,2013-07-18,RED 2,44.34333,0.0,6.4,1526.0,Action,58.0
40,Bruce Willis,2014-08-20,Sin City: A Dame to Kill For,85.428395,39407616.0,6.3,1286.0,Crime,59.0
41,Bruce Willis,2014-08-22,The Prince,21.638673,266586800.0,4.6,218.0,Thriller,59.0
0,Matt Damon,1988-10-13,Mystic Pizza,6.379933,0.0,5.9,123.0,Comedy,18.0
1,Matt Damon,1996-07-04,Courage Under Fire,12.971122,100860818.0,6.2,232.0,Drama,26.0
2,Matt Damon,1997-04-04,Chasing Amy,20.601482999999998,12021272.0,6.7,433.0,Comedy,27.0
3,Matt Damon,1997-11-18,The Rainmaker,12.229516,45916769.0,6.7,235.0,Drama,27.0
4,Matt Damon,1997-12-05,Good Will Hunting,43.734885999999996,225933435.0,7.9,2811.0,Drama,27.0
5,Matt Damon,1998-07-24,Saving Private Ryan,76.04186700000002,481840909.0,7.9,5048.0,Drama,28.0
6,Matt Damon,1998-09-11,Rounders,18.422007999999998,22921898.0,6.9,439.0,Drama,28.0
7,Matt Damon,1999-11-12,Dogma,14.543435,30652890.0,6.8,823.0,Fantasy,29.0
8,Matt Damon,1999-12-25,The Talented Mr. Ripley,31.385257,128798265.0,7.0,767.0,Thriller,29.0
9,Matt Damon,2000-06-16,Titan A.E.,14.443810000000001,36754634.0,6.3,313.0,Animation,30.0
10,Matt Damon,2000-11-02,The Legend of Bagger Vance,16.848899,39459427.0,6.3,251.0,Fantasy,30.0
11,Matt Damon,2000-12-11,All the Pretty Horses,7.5246710000000006,0.0,5.8,60.0,Drama,30.0
12,Matt Damon,2000-12-21,Finding Forrester,19.043286,80049764.0,7.0,302.0,Drama,30.0
13,Matt Damon,2001-12-07,Ocean's Eleven,60.929352,450717150.0,7.2,3783.0,Thriller,31.0
14,Matt Damon,2002-01-12,Gerry,5.038953,0.0,6.2,68.0,Mystery,32.0
15,Matt Damon,2002-05-24,Spirit: Stallion of the Cimarron,41.670544,122563539.0,7.4,831.0,Western,32.0
16,Matt Damon,2002-06-14,The Bourne Identity,86.47681700000004,214034224.0,7.3,3583.0,Action,32.0
17,Matt Damon,2002-12-30,Confessions of a Dangerous Mind,18.165957000000002,33013805.0,6.6,275.0,Comedy,32.0
18,Matt Damon,2003-12-10,Stuck on You,8.802525,33828318.0,5.1,188.0,Comedy,33.0
19,Matt Damon,2004-07-23,The Bourne Supremacy,53.213931,288500217.0,7.2,2825.0,Action,34.0
20,Matt Damon,2005-08-26,The Brothers Grimm,40.138009000000004,105316267.0,5.6,818.0,Adventure,35.0
21,Matt Damon,2005-11-23,Syriana,16.871194,94000000.0,6.3,451.0,Drama,35.0
22,Matt Damon,2006-10-05,The Departed,63.429157,289847354.0,7.9,4339.0,Drama,36.0
23,Matt Damon,2007-06-07,Ocean's Thirteen,42.069993,311312624.0,6.5,1999.0,Crime,37.0
24,Matt Damon,2007-08-03,The Bourne Ultimatum,45.381501,442824138.0,7.3,2888.0,Action,37.0
25,Matt Damon,2009-09-18,The Informant!,17.772517999999994,35424826.0,6.0,301.0,Drama,39.0
26,Matt Damon,2009-12-10,Invictus,23.85119,122233971.0,7.0,1125.0,Drama,39.0
27,Matt Damon,2010-03-11,Green Zone,30.254021,94882889.0,6.4,717.0,War,40.0
28,Matt Damon,2010-10-08,Inside Job,16.930914,7871522.0,7.7,286.0,Documentary,40.0
29,Matt Damon,2010-10-15,Hereafter,13.365715,105197635.0,5.8,510.0,Drama,40.0
30,Matt Damon,2010-12-22,True Grit,49.29238400000001,252276927.0,7.2,1668.0,Drama,40.0
31,Matt Damon,2011-03-03,The Adjustment Bureau,26.60772,127869379.0,6.5,1652.0,Science Fiction,41.0
32,Matt Damon,2011-09-08,Contagion,38.820858,137551594.0,6.2,1325.0,Drama,41.0
33,Matt Damon,2011-09-30,Margaret,4.8984239999999994,46495.0,6.1,86.0,Drama,41.0
34,Matt Damon,2011-12-22,We Bought a Zoo,38.629763,120081841.0,6.5,909.0,Drama,41.0
35,Matt Damon,2012-09-23,Promised Land,13.568302,8138788.0,6.0,243.0,Drama,42.0
36,Matt Damon,2013-08-07,Elysium,67.33766999999999,286140700.0,6.4,3439.0,Science Fiction,43.0
37,Matt Damon,2014-01-24,The Monuments Men,43.873266,154984035.0,5.8,1523.0,War,44.0
38,Matt Damon,2014-11-05,Interstellar,724.247784,675120017.0,8.1,10867.0,Adventure,44.0
39,Matt Damon,2015-09-30,The Martian,167.93287,630161890.0,7.6,7268.0,Drama,45.0
40,Matt Damon,2016-07-27,Jason Bourne,62.641286,415484914.0,5.9,2341.0,Action,46.0
0,Steve Buscemi,1992-09-02,Reservoir Dogs,66.925866,14661007.0,8.0,3697.0,Crime,35.0
1,Steve Buscemi,1993-06-04,Ed and His Dead Mother,0.023436000000000002,0.0,5.5,12.0,Comedy,36.0
2,Steve Buscemi,1995-08-25,Desperado,25.511217000000002,25405445.0,6.8,881.0,Thriller,38.0
3,Steve Buscemi,1995-12-01,Things to Do in Denver When You're Dead,6.932221000000001,529766.0,6.7,85.0,Drama,38.0
4,Steve Buscemi,1996-08-09,Escape from L.A.,21.637234,42277365.0,5.6,373.0,Action,39.0
5,Steve Buscemi,1996-08-16,Kansas City,5.380733,0.0,6.1,12.0,Thriller,39.0
6,Steve Buscemi,1996-10-11,Trees Lounge,3.443916,0.0,6.7,51.0,Comedy,39.0
7,Steve Buscemi,1997-06-01,Con Air,45.154631,224012234.0,6.5,1270.0,Action,40.0
8,Steve Buscemi,1998-03-06,The Big Lebowski,49.230089,46189568.0,7.8,2926.0,Comedy,41.0
9,Steve Buscemi,1998-07-01,Armageddon,58.485967,553799566.0,6.4,2482.0,Action,41.0
10,Steve Buscemi,1999-06-25,Big Daddy,34.868590000000005,234801895.0,6.1,875.0,Comedy,42.0
11,Steve Buscemi,2000-04-06,28 Days,5.418921,0.0,6.0,208.0,Comedy,43.0
12,Steve Buscemi,2001-07-02,Final Fantasy: The Spirits Within,26.074907999999997,85131830.0,5.9,433.0,Adventure,44.0
13,Steve Buscemi,2001-07-20,Ghost World,14.072941,0.0,7.1,426.0,Comedy,44.0
14,Steve Buscemi,2001-10-30,Domestic Disturbance,8.418560000000001,54249294.0,5.4,113.0,Mystery,44.0
15,Steve Buscemi,2001-11-01,"Monsters, Inc.",106.815545,562816256.0,7.5,5996.0,Animation,44.0
16,Steve Buscemi,2002-06-28,Mr. Deeds,18.121404000000002,171269535.0,5.6,644.0,Comedy,45.0
17,Steve Buscemi,2002-08-07,Spy Kids 2: The Island of Lost Dreams,24.085144,119723358.0,5.3,521.0,Action,45.0
18,Steve Buscemi,2004-04-02,Home on the Range,19.625972,103951461.0,5.7,389.0,Animation,47.0
19,Steve Buscemi,2005-07-20,The Island,37.68056,162949164.0,6.5,1770.0,Action,48.0
20,Steve Buscemi,2005-09-13,Romance & Cigarettes,4.056774,2945242.0,6.0,33.0,Comedy,48.0
21,Steve Buscemi,2006-05-16,"Paris, je t'aime",10.573191,4857367.0,6.8,207.0,Drama,49.0
22,Steve Buscemi,2006-07-21,Monster House,36.368839,140175006.0,6.3,874.0,Animation,49.0
23,Steve Buscemi,2006-12-15,Charlotte's Web,14.132582999999999,144000000.0,5.8,288.0,Comedy,49.0
24,Steve Buscemi,2007-03-16,I Think I Love My Wife,4.536745,13196245.0,5.0,55.0,Comedy,50.0
25,Steve Buscemi,2009-06-10,Saint John of Las Vegas,2.559806,111731.0,5.9,18.0,Comedy,52.0
26,Steve Buscemi,2009-07-21,G-Force,26.710397999999998,292817841.0,5.1,510.0,Fantasy,52.0
27,Steve Buscemi,2009-09-11,Youth in Revolt,13.462544,0.0,5.9,319.0,Drama,52.0
28,Steve Buscemi,2009-11-13,The Messenger,8.432400999999999,1521261.0,7.1,119.0,Drama,52.0
29,Steve Buscemi,2010-06-24,Grown Ups,38.864027,271430189.0,6.0,1705.0,Comedy,53.0
30,Steve Buscemi,2012-09-20,Hotel Transylvania,56.257411,358375603.0,6.8,2566.0,Animation,55.0
31,Steve Buscemi,2013-03-14,The Incredible Burt Wonderstone,26.9385,27437881.0,5.3,724.0,Comedy,56.0
32,Steve Buscemi,2013-06-20,Monsters University,89.186492,743559607.0,7.0,3528.0,Animation,56.0
33,Steve Buscemi,2013-07-11,Grown Ups 2,45.589568,246984278.0,5.8,1155.0,Comedy,56.0
34,Steve Buscemi,2013-07-18,Khumba,6.459787,27187375.0,5.8,72.0,Animation,56.0
35,Steve Buscemi,2015-09-21,Hotel Transylvania 2,61.692197,473226958.0,6.7,1497.0,Animation,58.0
36,Steve Buscemi,2015-12-11,The Ridiculous 6,19.694695,0.0,4.9,388.0,Comedy,58.0
0,Nicolas Cage,1984-12-14,The Cotton Club,8.59075,25928721.0,6.6,68.0,Music,20.0
1,Nicolas Cage,1986-10-05,Peggy Sue Got Married,12.243886999999999,41382841.0,5.9,136.0,Comedy,22.0
2,Nicolas Cage,1995-04-21,Kiss of Death,6.908939999999999,0.0,5.7,81.0,Action,31.0
3,Nicolas Cage,1995-10-27,Leaving Las Vegas,22.030517,49800000.0,7.1,360.0,Drama,31.0
4,Nicolas Cage,1996-06-06,The Rock,51.469576,335062621.0,6.9,1456.0,Action,32.0
5,Nicolas Cage,1997-06-01,Con Air,45.154631,224012234.0,6.5,1270.0,Action,33.0
6,Nicolas Cage,1997-06-27,Face/Off,46.075037,245676146.0,6.8,1583.0,Action,33.0
7,Nicolas Cage,1998-04-10,City of Angels,21.272734,198685114.0,6.4,529.0,Drama,34.0
8,Nicolas Cage,1998-08-07,Snake Eyes,20.790703,103891409.0,5.8,327.0,Crime,34.0
9,Nicolas Cage,1999-02-26,8MM,25.580272,96618699.0,6.1,474.0,Thriller,35.0
10,Nicolas Cage,1999-10-22,Bringing Out the Dead,15.560918,0.0,6.6,225.0,Drama,35.0
11,Nicolas Cage,2000-06-09,Gone in Sixty Seconds,52.995628,237202299.0,6.1,1485.0,Action,36.0
12,Nicolas Cage,2000-12-12,The Family Man,19.705489,0.0,6.5,521.0,Comedy,36.0
13,Nicolas Cage,2001-08-17,Captain Corelli's Mandolin,9.061866,62112895.0,5.5,145.0,Drama,37.0
14,Nicolas Cage,2002-06-14,Windtalkers,18.714197,77628265.0,5.8,341.0,Drama,38.0
15,Nicolas Cage,2002-12-06,Adaptation.,26.441669,32801173.0,7.3,638.0,Comedy,38.0
16,Nicolas Cage,2004-11-19,National Treasure,58.849256000000004,347451894.0,6.4,1926.0,Adventure,40.0
17,Nicolas Cage,2005-09-16,Lord of War,34.828241,24127895.0,7.0,1335.0,Crime,41.0
18,Nicolas Cage,2005-10-20,The Weather Man,14.031376999999999,12482775.0,6.0,289.0,Comedy,41.0
19,Nicolas Cage,2006-07-27,The Ant Bully,20.239061,55181129.0,5.5,366.0,Fantasy,42.0
20,Nicolas Cage,2006-08-09,World Trade Center,24.697533,162945894.0,5.9,447.0,Drama,42.0
21,Nicolas Cage,2007-02-16,Ghost Rider,46.834703999999995,228738393.0,5.2,1712.0,Thriller,43.0
22,Nicolas Cage,2008-08-21,Bangkok Dangerous,14.813057,42487390.0,5.0,332.0,Action,44.0
23,Nicolas Cage,2009-03-19,Knowing,32.693093,155446362.0,5.9,1486.0,Action,45.0
24,Nicolas Cage,2009-07-21,G-Force,26.710397999999998,292817841.0,5.1,510.0,Fantasy,45.0
25,Nicolas Cage,2009-09-11,The Bad Lieutenant: Port of Call - New Orleans,17.339852,10589102.0,6.0,326.0,Drama,45.0
26,Nicolas Cage,2009-10-15,Astro Boy,24.857079000000002,44091067.0,6.1,409.0,Animation,45.0
27,Nicolas Cage,2010-03-22,Kick-Ass,45.054936,96188903.0,7.1,4645.0,Action,46.0
28,Nicolas Cage,2010-07-13,The Sorcerer's Apprentice,35.580815,215283742.0,5.8,1470.0,Fantasy,46.0
29,Nicolas Cage,2011-02-24,Drive Angry,30.387148,28931401.0,5.3,600.0,Fantasy,47.0
30,Nicolas Cage,2011-12-10,Ghost Rider: Spirit of Vengeance,48.622278,149217355.0,4.7,1135.0,Action,47.0
31,Nicolas Cage,2012-05-17,Stolen,16.830184,2106557.0,5.1,344.0,Action,48.0
32,Nicolas Cage,2013-03-20,The Croods,64.18332099999999,585178928.0,6.8,2399.0,Adventure,49.0
33,Nicolas Cage,2013-07-18,The Frozen Ground,28.060471999999997,5496951.0,6.1,465.0,Thriller,49.0
34,Nicolas Cage,2014-04-11,Joe,22.987897,2365467.0,6.5,338.0,Drama,50.0
35,Nicolas Cage,2014-10-03,Left Behind,33.452469,19682924.0,3.7,392.0,Thriller,50.0
36,Nicolas Cage,2014-12-04,Dying of the Light,10.480089999999999,0.0,4.5,118.0,Thriller,50.0
0,Brad Pitt,1991-08-18,Johnny Suede,1.354816,0.0,4.7,13.0,Comedy,28.0
1,Brad Pitt,1993-09-09,True Romance,35.268557,12281551.0,7.5,749.0,Action,30.0
2,Brad Pitt,1994-11-11,Interview with the Vampire,50.163785,223664608.0,7.2,1516.0,Horror,31.0
3,Brad Pitt,1994-12-16,Legends of the Fall,26.95272700000001,160638883.0,7.2,619.0,Adventure,31.0
4,Brad Pitt,1995-09-22,Se7en,79.579532,327311859.0,8.1,5765.0,Crime,32.0
5,Brad Pitt,1996-10-18,Sleepers,16.245068,165615285.0,7.3,715.0,Crime,33.0
6,Brad Pitt,1997-03-12,The Devil's Own,15.350451000000001,140807547.0,5.9,290.0,Crime,34.0
7,Brad Pitt,1997-09-12,Seven Years in Tibet,16.92991,131457682.0,7.0,630.0,Adventure,34.0
8,Brad Pitt,1998-11-12,Meet Joe Black,36.069611,142940100.0,6.9,1147.0,Fantasy,35.0
9,Brad Pitt,1999-09-30,Being John Malkovich,27.546914,22863596.0,7.3,1101.0,Fantasy,36.0
10,Brad Pitt,1999-10-15,Fight Club,146.75739099999996,100853753.0,8.3,9413.0,Drama,36.0
11,Brad Pitt,2000-09-01,Snatch,53.595686,83557872.0,7.7,2912.0,Thriller,37.0
12,Brad Pitt,2001-03-01,The Mexican,21.021809,147845033.0,5.8,441.0,Action,38.0
13,Brad Pitt,2001-11-18,Spy Game,27.166757,143049560.0,6.8,579.0,Action,38.0
14,Brad Pitt,2001-12-07,Ocean's Eleven,60.929352,450717150.0,7.2,3783.0,Thriller,38.0
15,Brad Pitt,2002-12-30,Confessions of a Dangerous Mind,18.165957000000002,33013805.0,6.6,275.0,Comedy,39.0
16,Brad Pitt,2003-07-02,Sinbad: Legend of the Seven Seas,18.815442,26288320.0,6.6,372.0,Family,40.0
17,Brad Pitt,2004-05-13,Troy,66.803149,497409852.0,6.9,2759.0,Adventure,41.0
18,Brad Pitt,2004-12-09,Ocean's Twelve,76.840712,362744280.0,6.4,2124.0,Thriller,41.0
19,Brad Pitt,2005-06-07,Mr. & Mrs. Smith,44.635452,478207520.0,6.5,2965.0,Action,42.0
20,Brad Pitt,2006-09-08,Babel,25.785925,135330182.0,6.9,1055.0,Drama,43.0
21,Brad Pitt,2007-06-07,Ocean's Thirteen,42.069993,311312624.0,6.5,1999.0,Crime,44.0
22,Brad Pitt,2007-09-02,The Assassination of Jesse James by the Coward Robert Ford,35.53352,14711793.0,7.0,776.0,Action,44.0
23,Brad Pitt,2008-09-05,Burn After Reading,31.941346999999997,163720069.0,6.5,1222.0,Comedy,45.0
24,Brad Pitt,2008-11-24,The Curious Case of Benjamin Button,60.269279000000004,333932083.0,7.3,3292.0,Fantasy,45.0
25,Brad Pitt,2009-08-18,Inglourious Basterds,72.595961,319131050.0,7.9,6430.0,Drama,46.0
26,Brad Pitt,2010-10-28,Megamind,68.757242,321887208.0,6.7,1918.0,Animation,47.0
27,Brad Pitt,2011-05-18,The Tree of Life,43.862456,54674226.0,6.5,987.0,Drama,48.0
28,Brad Pitt,2011-09-22,Moneyball,46.180421,110206216.0,7.0,1381.0,Drama,48.0
29,Brad Pitt,2011-11-17,Happy Feet Two,17.7735,150406466.0,5.8,373.0,Animation,48.0
30,Brad Pitt,2012-09-20,Killing Them Softly,24.612603,37930465.0,5.8,742.0,Crime,49.0
31,Brad Pitt,2013-06-20,World War Z,81.834855,531865000.0,6.7,5560.0,Action,50.0
32,Brad Pitt,2013-10-18,12 Years a Slave,95.9229,187000000.0,7.9,3674.0,Drama,50.0
33,Brad Pitt,2013-10-25,The Counselor,35.022028999999996,71009334.0,5.0,712.0,Thriller,50.0
34,Brad Pitt,2014-10-15,Fury,139.575085,211817906.0,7.4,3946.0,War,51.0
35,Brad Pitt,2015-11-12,By the Sea,11.267676,3727746.0,5.4,156.0,Drama,52.0
36,Brad Pitt,2015-12-11,The Big Short,57.518471999999996,133346506.0,7.3,2607.0,Comedy,52.0
0,Alec Baldwin,1988-02-29,Beetlejuice,58.553213,73326666.0,7.1,1444.0,Fantasy,30.0
1,Alec Baldwin,1988-12-21,Talk Radio,4.541908,3468572.0,6.7,46.0,Drama,30.0
2,Alec Baldwin,1990-03-02,The Hunt for Red October,46.212154999999996,199200000.0,7.2,957.0,Action,32.0
3,Alec Baldwin,1992-09-15,Glengarry Glen Ross,13.939054,10725228.0,7.5,323.0,Crime,34.0
4,Alec Baldwin,1994-07-01,The Shadow,8.178203,48063435.0,5.4,138.0,Adventure,36.0
5,Alec Baldwin,1996-02-02,The Juror,3.9373519999999997,0.0,5.5,89.0,Drama,38.0
6,Alec Baldwin,1996-12-20,Ghosts of Mississippi,8.102925,0.0,6.2,40.0,History,38.0
7,Alec Baldwin,1997-09-06,The Edge,20.632673,43312294.0,6.7,349.0,Action,39.0
8,Alec Baldwin,1998-04-03,Mercury Rising,18.877795000000006,0.0,6.0,368.0,Action,40.0
9,Alec Baldwin,1999-08-16,Outside Providence,2.627232,7292175.0,5.6,30.0,Romance,41.0
10,Alec Baldwin,2000-07-26,Thomas and the Magic Railroad,1.916351,0.0,4.6,8.0,Animation,42.0
11,Alec Baldwin,2001-05-21,Pearl Harbor,34.20669,449220945.0,6.6,1791.0,History,43.0
12,Alec Baldwin,2001-07-02,Final Fantasy: The Spirits Within,26.074907999999997,85131830.0,5.9,433.0,Adventure,43.0
13,Alec Baldwin,2001-07-04,Cats & Dogs,18.735024,93375151.0,5.0,352.0,Comedy,43.0
14,Alec Baldwin,2001-10-05,The Royal Tenenbaums,24.13081,71441250.0,7.4,1286.0,Comedy,43.0
15,Alec Baldwin,2003-01-17,The Cooler,9.976428,0.0,6.7,89.0,Drama,45.0
16,Alec Baldwin,2003-11-21,The Cat in the Hat,18.251129000000002,0.0,4.9,366.0,Comedy,45.0
17,Alec Baldwin,2004-01-16,Along Came Polly,33.238296000000005,171963386.0,5.8,773.0,Comedy,46.0
18,Alec Baldwin,2004-09-24,The Last Shot,6.7698,0.0,5.9,15.0,Action,46.0
19,Alec Baldwin,2004-11-14,The SpongeBob SquarePants Movie,27.870755,140161792.0,6.7,574.0,Animation,46.0
20,Alec Baldwin,2004-12-17,The Aviator,45.616098,102000000.0,7.0,1489.0,Drama,46.0
21,Alec Baldwin,2005-10-06,Elizabethtown,22.894898,52034889.0,6.1,327.0,Comedy,47.0
22,Alec Baldwin,2005-12-21,Fun with Dick and Jane,25.159167999999998,202026112.0,5.9,627.0,Comedy,47.0
23,Alec Baldwin,2006-10-05,The Departed,63.429157,289847354.0,7.9,4339.0,Drama,48.0
24,Alec Baldwin,2006-10-27,Running with Scissors,4.770194999999998,6754898.0,5.8,78.0,Drama,48.0
25,Alec Baldwin,2007-04-30,Brooklyn Rules,4.090382,458232.0,5.8,18.0,Drama,49.0
26,Alec Baldwin,2008-09-19,My Best Friend's Girl,17.145287,36620508.0,5.4,220.0,Romance,50.0
27,Alec Baldwin,2008-10-30,Madagascar: Escape 2 Africa,44.141021,603900354.0,6.2,1810.0,Family,50.0
28,Alec Baldwin,2009-06-26,My Sister's Keeper,24.09152000000001,95714875.0,7.1,598.0,Drama,51.0
29,Alec Baldwin,2009-12-23,It's Complicated,16.479851,219103655.0,6.2,360.0,Comedy,51.0
30,Alec Baldwin,2012-04-20,To Rome with Love,15.013385999999999,73244881.0,5.6,546.0,Romance,54.0
31,Alec Baldwin,2012-06-13,Rock of Ages,23.515938000000002,59418613.0,6.0,385.0,Comedy,54.0
32,Alec Baldwin,2012-11-21,Rise of the Guardians,61.788035,306941670.0,7.1,1922.0,Fantasy,54.0
33,Alec Baldwin,2013-07-25,Blue Jasmine,34.694216,99206215.0,7.0,1098.0,Comedy,55.0
34,Alec Baldwin,2014-12-05,Still Alice,35.307577,43884652.0,7.5,1104.0,Drama,56.0
35,Alec Baldwin,2015-05-27,Aloha,29.652535999999998,26250020.0,5.2,692.0,Drama,57.0
36,Alec Baldwin,2015-11-12,Concussion,35.120736,50363790.0,7.0,823.0,Drama,57.0
0,Owen Wilson,1996-02-21,Bottle Rocket,11.700578,560069.0,6.8,281.0,Comedy,28.0
1,Owen Wilson,1997-04-11,Anaconda,27.684779,136885767.0,4.7,610.0,Adventure,29.0
2,Owen Wilson,1998-07-01,Armageddon,58.485967,553799566.0,6.4,2482.0,Action,30.0
3,Owen Wilson,1999-02-13,Breakfast of Champions,2.695896,0.0,5.2,28.0,Comedy,31.0
4,Owen Wilson,1999-07-23,The Haunting,19.375768,91188905.0,5.2,369.0,Horror,31.0
5,Owen Wilson,2000-05-26,Shanghai Noon,25.400935,56932305.0,6.2,735.0,Adventure,32.0
6,Owen Wilson,2000-10-06,Meet the Parents,29.97224000000001,330444045.0,6.6,1698.0,Comedy,32.0
7,Owen Wilson,2001-09-28,Zoolander,38.0958,60780981.0,6.1,1337.0,Comedy,33.0
8,Owen Wilson,2001-10-05,The Royal Tenenbaums,24.13081,71441250.0,7.4,1286.0,Comedy,33.0
9,Owen Wilson,2001-11-17,Behind Enemy Lines,24.012985999999998,91753202.0,6.0,457.0,Action,33.0
10,Owen Wilson,2002-10-31,I Spy,13.267631,33561137.0,5.2,269.0,Action,34.0
11,Owen Wilson,2003-02-06,Shanghai Knights,16.251204,88323487.0,6.0,692.0,Action,35.0
12,Owen Wilson,2004-01-30,The Big Bounce,6.397387999999999,6808550.0,5.0,76.0,Comedy,36.0
13,Owen Wilson,2004-03-05,Starsky & Hutch,28.848841999999998,170268750.0,5.6,644.0,Comedy,36.0
14,Owen Wilson,2004-12-10,The Life Aquatic with Steve Zissou,25.237969,34808403.0,7.1,775.0,Adventure,36.0
15,Owen Wilson,2004-12-22,Meet the Fockers,32.829538,516642939.0,6.1,1373.0,Comedy,36.0
16,Owen Wilson,2005-08-03,The Wendell Baker Story,1.265683,0.0,5.2,16.0,Comedy,37.0
17,Owen Wilson,2006-06-08,Cars,82.643036,461983149.0,6.6,3877.0,Animation,38.0
18,Owen Wilson,2006-07-14,"You, Me and Dupree",18.600367000000002,130431368.0,5.4,407.0,Comedy,38.0
19,Owen Wilson,2008-03-20,Drillbit Taylor,15.055732,0.0,5.5,275.0,Comedy,40.0
20,Owen Wilson,2008-12-25,Marley & Me,30.951203000000003,244082376.0,6.9,1343.0,Comedy,40.0
21,Owen Wilson,2009-05-20,Night at the Museum: Battle of the Smithsonian,81.781591,413106170.0,5.9,1971.0,Adventure,41.0
22,Owen Wilson,2009-10-23,Fantastic Mr. Fox,41.258956,46471023.0,7.5,1176.0,Adventure,41.0
23,Owen Wilson,2010-06-04,Marmaduke,12.256219999999999,83761844.0,5.0,149.0,Family,42.0
24,Owen Wilson,2010-12-17,How Do You Know,11.137655,48668907.0,4.9,223.0,Comedy,42.0
25,Owen Wilson,2010-12-21,Little Fockers,32.389353,310650585.0,5.4,1060.0,Comedy,42.0
26,Owen Wilson,2011-02-25,Hall Pass,27.115890000000004,83160734.0,5.4,611.0,Comedy,43.0
27,Owen Wilson,2011-05-11,Midnight in Paris,43.753585,151119219.0,7.4,1990.0,Fantasy,43.0
28,Owen Wilson,2011-06-11,Cars 2,49.98659,559852396.0,5.8,2033.0,Animation,43.0
29,Owen Wilson,2011-10-13,The Big Year,9.419725999999999,7448385.0,5.6,248.0,Comedy,43.0
30,Owen Wilson,2013-06-07,The Internship,1.551497,44000000.0,6.1,1658.0,Comedy,45.0
31,Owen Wilson,2013-10-30,Free Birds,14.414937,110000000.0,5.7,254.0,Animation,45.0
32,Owen Wilson,2014-12-17,Night at the Museum: Secret of the Tomb,115.597753,349424282.0,6.1,1851.0,Adventure,46.0
33,Owen Wilson,2014-12-25,Inherent Vice,45.742217,11110975.0,6.5,833.0,Comedy,46.0
34,Owen Wilson,2015-08-26,No Escape,38.006982,54418872.0,6.7,777.0,Action,47.0
35,Owen Wilson,2016-02-06,Zoolander 2,37.253774,55969000.0,4.7,797.0,Comedy,48.0
0,Johnny Depp,1984-11-14,A Nightmare on Elm Street,38.204158,25504513.0,7.2,1180.0,Horror,21.0
1,Johnny Depp,1986-12-18,Platoon,49.802914,138530565.0,7.5,1205.0,Drama,23.0
2,Johnny Depp,1990-12-05,Edward Scissorhands,47.51363,53000000.0,7.5,3601.0,Fantasy,27.0
3,Johnny Depp,1993-12-17,What's Eating Gilbert Grape,33.282794,30000000.0,7.5,919.0,Romance,30.0
4,Johnny Depp,1994-09-27,Ed Wood,24.548633,5887457.0,7.3,630.0,Comedy,31.0
5,Johnny Depp,1994-10-01,Don Juan DeMarco,8.870614,22200000.0,6.2,183.0,Romance,31.0
6,Johnny Depp,1997-02-27,Donnie Brasco,40.370442,41954997.0,7.4,1147.0,Crime,34.0
7,Johnny Depp,1998-05-22,Fear and Loathing in Las Vegas,44.511363,10680275.0,7.2,1301.0,Adventure,35.0
8,Johnny Depp,1999-08-24,The Ninth Gate,30.359164,58401898.0,6.3,756.0,Horror,36.0
9,Johnny Depp,1999-08-26,The Astronaut's Wife,20.697556,19598588.0,5.4,254.0,Drama,36.0
10,Johnny Depp,2000-12-14,Chocolat,28.727731,152500343.0,6.8,951.0,Comedy,37.0
11,Johnny Depp,2001-04-04,Blow,28.350528999999998,83282296.0,7.4,1317.0,Crime,38.0
12,Johnny Depp,2001-10-19,From Hell,26.134678,74558115.0,6.6,741.0,Horror,38.0
13,Johnny Depp,2003-07-09,Pirates of the Caribbean: The Curse of the Black Pearl,271.972889,655011224.0,7.5,6985.0,Adventure,40.0
14,Johnny Depp,2003-09-11,Once Upon a Time in Mexico,27.55564600000001,98185582.0,6.2,594.0,Action,40.0
15,Johnny Depp,2004-03-12,Secret Window,32.908414,92913171.0,6.4,972.0,Thriller,41.0
16,Johnny Depp,2004-09-16,The Libertine,7.588597,0.0,5.9,128.0,Drama,41.0
17,Johnny Depp,2004-10-17,Finding Neverland,34.160447999999995,116766556.0,7.2,1223.0,Drama,41.0
18,Johnny Depp,2005-07-13,Charlie and the Chocolate Factory,53.90559200000001,474968763.0,6.7,3624.0,Adventure,42.0
19,Johnny Depp,2005-09-09,Corpse Bride,43.571612,117195061.0,7.2,1894.0,Romance,42.0
20,Johnny Depp,2006-06-20,Pirates of the Caribbean: Dead Man's Chest,145.84737900000005,1065659812.0,7.0,5246.0,Adventure,43.0
21,Johnny Depp,2007-05-19,Pirates of the Caribbean: At World's End,139.082615,961000000.0,6.9,4500.0,Adventure,44.0
22,Johnny Depp,2009-07-01,Public Enemies,33.691694,214104620.0,6.5,1344.0,History,46.0
23,Johnny Depp,2009-10-01,The Imaginarium of Doctor Parnassus,37.181019,64352607.0,6.3,869.0,Adventure,46.0
24,Johnny Depp,2010-03-03,Alice in Wonderland,78.530105,1025491110.0,6.4,4645.0,Family,47.0
25,Johnny Depp,2010-12-08,The Tourist,41.426678,278731369.0,6.0,1699.0,Action,47.0
26,Johnny Depp,2011-03-02,Rango,29.913529999999998,245724603.0,6.6,2051.0,Animation,48.0
27,Johnny Depp,2011-05-14,Pirates of the Caribbean: On Stranger Tides,135.413856,1045713802.0,6.4,4948.0,Adventure,48.0
28,Johnny Depp,2012-05-08,Dark Shadows,50.306728,245527149.0,5.7,2320.0,Comedy,49.0
29,Johnny Depp,2013-07-03,The Lone Ranger,49.046956,89289910.0,5.9,2311.0,Action,50.0
30,Johnny Depp,2014-04-16,Transcendence,58.991388,103039258.0,5.9,2295.0,Thriller,51.0
31,Johnny Depp,2014-09-19,Tusk,15.754614000000002,1826705.0,5.1,366.0,Comedy,51.0
32,Johnny Depp,2014-12-25,Into the Woods,65.90160999999999,212902372.0,5.6,1652.0,Fantasy,51.0
33,Johnny Depp,2015-01-21,Mortdecai,52.417528999999995,30418560.0,5.4,1055.0,Comedy,52.0
34,Johnny Depp,2015-09-04,Black Mass,46.049902,98837872.0,6.3,1242.0,Crime,52.0
35,Johnny Depp,2016-05-25,Alice Through the Looking Glass,56.268916000000004,299370084.0,6.5,1725.0,Fantasy,53.0
0,Bill Murray,1980-07-25,Caddyshack,15.929648,39846344.0,6.6,365.0,Comedy,30.0
1,Bill Murray,1981-06-25,Stripes,10.892398,85300000.0,6.5,249.0,Action,31.0
2,Bill Murray,1982-12-16,Tootsie,20.818567,177200000.0,6.9,421.0,Comedy,32.0
3,Bill Murray,1986-12-19,Little Shop of Horrors,12.113235000000001,38748395.0,6.6,384.0,Horror,36.0
4,Bill Murray,1988-11-22,Scrooged,21.620317,60328000.0,6.7,390.0,Fantasy,38.0
5,Bill Murray,1993-02-11,Groundhog Day,52.744331,70906973.0,7.4,2301.0,Romance,43.0
6,Bill Murray,1994-09-27,Ed Wood,24.548633,5887457.0,7.3,630.0,Comedy,44.0
7,Bill Murray,1996-07-04,Kingpin,17.329269,25023434.0,6.7,244.0,Comedy,46.0
8,Bill Murray,1996-11-15,Space Jam,36.125715,250200000.0,6.5,1288.0,Animation,46.0
9,Bill Murray,1997-11-14,The Man Who Knew Too Little,6.397042,13801755.0,6.5,125.0,Comedy,47.0
10,Bill Murray,1998-03-20,Wild Things,25.041992,67200000.0,6.3,444.0,Crime,48.0
11,Bill Murray,1998-09-17,Rushmore,18.289303,17096053.0,7.5,676.0,Comedy,48.0
12,Bill Murray,1999-12-10,Cradle Will Rock,4.901553,0.0,7.2,18.0,Drama,49.0
13,Bill Murray,2000-05-05,Michael Jordan to the Max,1.8303060000000002,21268532.0,7.5,10.0,Documentary,50.0
14,Bill Murray,2000-11-02,Charlie's Angels,40.20395,264105545.0,5.6,1232.0,Action,50.0
15,Bill Murray,2001-08-07,Osmosis Jones,10.54544,13596911.0,5.9,228.0,Adventure,51.0
16,Bill Murray,2001-10-05,The Royal Tenenbaums,24.13081,71441250.0,7.4,1286.0,Comedy,51.0
17,Bill Murray,2003-08-31,Lost in Translation,45.66662,119723856.0,7.3,1895.0,Drama,53.0
18,Bill Murray,2004-06-10,Garfield,17.667826,200804534.0,5.2,820.0,Animation,54.0
19,Bill Murray,2004-12-10,The Life Aquatic with Steve Zissou,25.237969,34808403.0,7.1,775.0,Adventure,54.0
20,Bill Murray,2005-09-03,The Lost City,3.5885290000000003,4386236.0,6.0,24.0,Drama,55.0
21,Bill Murray,2006-06-15,Garfield: A Tail of Two Kitties,16.930969,141702264.0,5.1,464.0,Animation,56.0
22,Bill Murray,2008-06-19,Get Smart,23.496054,230685453.0,6.0,1051.0,Action,58.0
23,Bill Murray,2008-10-07,City of Ember,23.465539,17869048.0,6.2,605.0,Adventure,58.0
24,Bill Murray,2009-10-07,Zombieland,57.300674,102391382.0,7.2,3550.0,Comedy,59.0
25,Bill Murray,2009-10-23,Fantastic Mr. Fox,41.258956,46471023.0,7.5,1176.0,Adventure,59.0
26,Bill Murray,2010-01-22,Get Low,6.557643,0.0,6.5,100.0,Comedy,60.0
27,Bill Murray,2012-05-16,Moonrise Kingdom,41.083914,68263166.0,7.6,1662.0,Comedy,62.0
28,Bill Murray,2014-01-24,The Monuments Men,43.873266,154984035.0,5.8,1523.0,War,64.0
29,Bill Murray,2014-02-26,The Grand Budapest Hotel,74.417456,174600318.0,8.0,4519.0,Comedy,64.0
30,Bill Murray,2014-10-09,St. Vincent,43.791745,54837234.0,7.1,763.0,Comedy,64.0
31,Bill Murray,2015-05-27,Aloha,29.652535999999998,26250020.0,5.2,692.0,Drama,65.0
32,Bill Murray,2016-04-07,The Jungle Book,94.19931600000001,966550600.0,6.7,2892.0,Family,66.0
0,Ben Kingsley,1982-11-30,Gandhi,35.227212,77737889.0,7.4,716.0,Drama,39.0
1,Ben Kingsley,1987-09-18,Maurice,11.552247,0.0,7.1,61.0,Drama,44.0
2,Ben Kingsley,1993-11-29,Schindler's List,104.469351,321365567.0,8.3,4329.0,Drama,50.0
3,Ben Kingsley,1995-07-07,Species,23.607070999999998,113374103.0,5.5,453.0,Science Fiction,52.0
4,Ben Kingsley,2000-03-03,What Planet Are You From?,2.275331,0.0,5.4,37.0,Comedy,57.0
5,Ben Kingsley,2000-09-13,Sexy Beast,11.21273,0.0,7.0,217.0,Crime,57.0
6,Ben Kingsley,2001-06-29,A.I. Artificial Intelligence,34.035114,235926552.0,6.8,1974.0,Drama,58.0
7,Ben Kingsley,2002-10-11,Tuck Everlasting,4.115398,0.0,6.4,128.0,Fantasy,59.0
8,Ben Kingsley,2003-12-19,House of Sand and Fog,12.102725,16942795.0,7.0,199.0,Drama,60.0
9,Ben Kingsley,2004-08-27,Suspect Zero,8.715822,13000000.0,5.5,98.0,Crime,61.0
10,Ben Kingsley,2005-05-15,A Sound of Thunder,7.342892,5989640.0,4.8,111.0,Thriller,62.0
11,Ben Kingsley,2005-09-23,Oliver Twist,20.415572,42093706.0,6.7,274.0,Crime,62.0
12,Ben Kingsley,2005-10-22,BloodRayne,7.008216,2405420.0,3.5,118.0,Action,62.0
13,Ben Kingsley,2006-02-24,Lucky Number Slevin,36.921445,56308881.0,7.4,1323.0,Drama,63.0
14,Ben Kingsley,2007-02-09,You Kill Me,6.091951,2426851.0,6.2,80.0,Comedy,64.0
15,Ben Kingsley,2007-04-19,The Last Legion,12.282911,25303038.0,5.0,207.0,Action,64.0
16,Ben Kingsley,2008-01-18,Transsiberian,11.428903,5926410.0,6.5,195.0,Thriller,65.0
17,Ben Kingsley,2008-04-28,"War, Inc.",6.265658999999999,1296184.0,5.6,86.0,Action,65.0
18,Ben Kingsley,2008-06-20,The Love Guru,13.218008,41819064.0,4.3,242.0,Comedy,65.0
19,Ben Kingsley,2008-07-03,The Wackness,7.161051,2899975.0,6.2,94.0,Drama,65.0
20,Ben Kingsley,2008-09-10,Fifty Dead Men Walking,4.481897,0.0,6.1,35.0,Action,65.0
21,Ben Kingsley,2010-02-18,Shutter Island,81.91469599999998,294804195.0,7.8,6336.0,Drama,67.0
22,Ben Kingsley,2010-05-19,Prince of Persia: The Sands of Time,62.169881000000004,335154643.0,6.2,2317.0,Adventure,67.0
23,Ben Kingsley,2011-11-22,Hugo,32.319043,185770160.0,7.0,2141.0,Adventure,68.0
24,Ben Kingsley,2012-05-15,The Dictator,31.349142999999998,179379533.0,5.9,1743.0,Comedy,69.0
25,Ben Kingsley,2013-04-18,Iron Man 3,77.68208,1215439994.0,6.8,8806.0,Action,70.0
26,Ben Kingsley,2013-10-23,Ender's Game,45.94834,125537191.0,6.6,2303.0,Science Fiction,70.0
27,Ben Kingsley,2014-09-10,The Boxtrolls,30.656345,108255770.0,6.6,668.0,Animation,71.0
28,Ben Kingsley,2014-12-03,Exodus: Gods and Kings,101.599427,268031828.0,5.6,1921.0,Adventure,71.0
29,Ben Kingsley,2014-12-17,Night at the Museum: Secret of the Tomb,115.597753,349424282.0,6.1,1851.0,Adventure,71.0
30,Ben Kingsley,2015-07-10,Self/less,66.097437,30523226.0,6.3,1091.0,Science Fiction,72.0
31,Ben Kingsley,2015-09-30,The Walk,37.335721,61181942.0,6.9,1121.0,Adventure,72.0
32,Ben Kingsley,2016-04-07,The Jungle Book,94.19931600000001,966550600.0,6.7,2892.0,Family,73.0
0,Jim Broadbent,1992-09-02,The Crying Game,8.839651,62548947.0,6.9,176.0,Romance,43.0
1,Jim Broadbent,1994-10-14,Bullets Over Broadway,7.829295,0.0,7.0,130.0,Action,45.0
2,Jim Broadbent,1995-12-29,Richard III,5.107235,0.0,6.9,49.0,Drama,46.0
3,Jim Broadbent,1997-02-13,Smilla's Sense of Snow,5.419181,0.0,6.6,60.0,Action,48.0
4,Jim Broadbent,1997-12-05,The Borrowers,10.364582,0.0,5.8,135.0,Adventure,48.0
5,Jim Broadbent,1998-11-05,Little Voice,4.647547,0.0,6.6,61.0,Comedy,49.0
6,Jim Broadbent,1999-09-03,Topsy-Turvy,8.628519,0.0,6.7,41.0,Comedy,50.0
7,Jim Broadbent,2001-03-09,Moulin Rouge!,57.374341,179213434.0,7.4,1300.0,Drama,52.0
8,Jim Broadbent,2001-04-13,Bridget Jones's Diary,35.310712,281929795.0,6.5,1356.0,Comedy,52.0
9,Jim Broadbent,2001-12-14,Iris,2.714043,0.0,6.2,47.0,Drama,52.0
10,Jim Broadbent,2002-12-14,Gangs of New York,46.160047999999996,193772504.0,7.1,1910.0,Drama,53.0
11,Jim Broadbent,2002-12-27,Nicholas Nickleby,5.099923,0.0,6.8,49.0,Adventure,53.0
12,Jim Broadbent,2004-06-16,Around the World in 80 Days,22.64377600000001,72178895.0,5.7,672.0,Action,55.0
13,Jim Broadbent,2004-09-01,Vanity Fair,6.6181490000000025,16123851.0,5.5,73.0,Drama,55.0
14,Jim Broadbent,2004-11-10,Bridget Jones: The Edge of Reason,28.803802,40203020.0,6.1,750.0,Comedy,55.0
15,Jim Broadbent,2005-03-25,Valiant,14.051851999999998,19478106.0,5.2,235.0,Animation,56.0
16,Jim Broadbent,2005-12-07,"The Chronicles of Narnia: The Lion, the Witch and the Wardrobe",67.391328,748806957.0,6.7,2629.0,Adventure,56.0
17,Jim Broadbent,2007-02-14,Hot Fuzz,38.623178,80573774.0,7.4,2199.0,Crime,58.0
18,Jim Broadbent,2007-10-05,When Did You Last See Your Father?,1.939054,92.0,6.9,13.0,Drama,58.0
19,Jim Broadbent,2008-05-21,Indiana Jones and the Kingdom of the Crystal Skull,75.674458,786636033.0,5.7,2495.0,Adventure,59.0
20,Jim Broadbent,2008-12-11,Inkheart,27.018886,57490374.0,6.0,592.0,Adventure,59.0
21,Jim Broadbent,2009-03-04,The Young Victoria,16.343317000000006,27409889.0,7.0,322.0,Drama,60.0
22,Jim Broadbent,2009-03-27,The Damned United,13.409125,0.0,7.2,152.0,Drama,60.0
23,Jim Broadbent,2009-07-07,Harry Potter and the Half-Blood Prince,98.885637,933959197.0,7.4,5293.0,Adventure,60.0
24,Jim Broadbent,2009-09-11,Perrierâ€™s Bounty,3.810943,0.0,5.1,24.0,Action,60.0
25,Jim Broadbent,2010-11-05,Another Year,7.235794,18124262.0,7.0,97.0,Comedy,61.0
26,Jim Broadbent,2011-02-22,Arthur Christmas,19.83683,0.0,6.7,333.0,Drama,62.0
27,Jim Broadbent,2011-12-30,The Iron Lady,23.3784,114956699.0,6.2,527.0,History,62.0
28,Jim Broadbent,2012-10-26,Cloud Atlas,73.872343,130482868.0,6.6,2977.0,Drama,63.0
29,Jim Broadbent,2014-11-27,Paddington,39.882276,259207227.0,7.0,883.0,Family,65.0
30,Jim Broadbent,2015-10-20,Brooklyn,39.337949,62076141.0,7.2,1213.0,Drama,66.0
31,Jim Broadbent,2016-02-26,Eddie the Eagle,29.365851,46152800.0,7.2,661.0,Comedy,67.0
32,Jim Broadbent,2016-06-29,The Legend of Tarzan,42.741719,356743061.0,5.5,2430.0,Action,67.0
0,Will Ferrell,1998-10-01,A Night at the Roxbury,12.709227,30331165.0,5.9,198.0,Comedy,31.0
1,Will Ferrell,1999-08-04,Dick,4.7425370000000004,27500000.0,5.7,67.0,Comedy,32.0
2,Will Ferrell,1999-10-08,Superstar,4.04701,0.0,5.1,83.0,Comedy,32.0
3,Will Ferrell,2000-10-13,The Ladies Man,2.259537,13700000.0,5.7,34.0,Comedy,33.0
4,Will Ferrell,2001-08-22,Jay and Silent Bob Strike Back,21.865021,33788161.0,6.4,480.0,Comedy,34.0
5,Will Ferrell,2001-09-28,Zoolander,38.0958,60780981.0,6.1,1337.0,Comedy,34.0
6,Will Ferrell,2003-02-21,Old School,24.70166,87055349.0,6.6,541.0,Comedy,36.0
7,Will Ferrell,2003-10-09,Elf,16.901954,173398518.0,6.4,987.0,Comedy,36.0
8,Will Ferrell,2004-03-05,Starsky & Hutch,28.848841999999998,170268750.0,5.6,644.0,Comedy,37.0
9,Will Ferrell,2004-07-09,Anchorman: The Legend of Ron Burgundy,29.342744,90574188.0,6.7,1493.0,Comedy,37.0
10,Will Ferrell,2005-05-13,Kicking & Screaming,8.99269,56070433.0,5.6,176.0,Romance,38.0
11,Will Ferrell,2005-08-03,The Wendell Baker Story,1.265683,0.0,5.2,16.0,Comedy,38.0
12,Will Ferrell,2005-12-25,The Producers,6.803965,38058335.0,6.1,151.0,Comedy,38.0
13,Will Ferrell,2006-02-07,Winter Passing,3.643608,113783.0,6.7,28.0,Comedy,39.0
14,Will Ferrell,2006-02-10,Curious George,9.894346,69834815.0,6.2,106.0,Adventure,39.0
15,Will Ferrell,2006-08-04,Talladega Nights: The Ballad of Ricky Bobby,12.599836,162966177.0,6.2,491.0,Comedy,39.0
16,Will Ferrell,2006-09-09,Stranger Than Fiction,32.26789,53653224.0,7.1,721.0,Comedy,39.0
17,Will Ferrell,2007-03-30,Blades of Glory,19.412028,0.0,5.9,569.0,Action,40.0
18,Will Ferrell,2008-02-28,Semi-Pro,10.449975,33472850.0,5.4,251.0,Comedy,41.0
19,Will Ferrell,2008-07-25,Step Brothers,22.977983,128107642.0,6.5,1062.0,Comedy,41.0
20,Will Ferrell,2009-06-05,Land of the Lost,19.38841,68688831.0,5.3,381.0,Adventure,42.0
21,Will Ferrell,2010-08-06,The Other Guys,24.399642,170432927.0,6.1,1383.0,Action,43.0
22,Will Ferrell,2010-10-15,Everything Must Go,9.169411,2614773.0,6.0,208.0,Comedy,43.0
23,Will Ferrell,2010-10-28,Megamind,68.757242,321887208.0,6.7,1918.0,Animation,43.0
24,Will Ferrell,2012-03-02,Tim and Eric's Billion Dollar Movie,1.75311,0.0,5.2,34.0,Comedy,45.0
25,Will Ferrell,2012-03-15,Casa De Mi Padre,5.754416,0.0,5.5,103.0,Comedy,45.0
26,Will Ferrell,2012-08-09,The Campaign,16.460356,104907746.0,5.6,578.0,Comedy,45.0
27,Will Ferrell,2013-12-18,Anchorman 2: The Legend Continues,38.125008,173649015.0,6.0,923.0,Comedy,46.0
28,Will Ferrell,2014-02-06,The Lego Movie,59.54792800000001,469160692.0,7.5,3070.0,Adventure,47.0
29,Will Ferrell,2015-03-26,Get Hard,36.301202,111811453.0,5.9,944.0,Comedy,48.0
30,Will Ferrell,2015-12-25,Daddy's Home,38.616744,242786137.0,5.8,854.0,Comedy,48.0
31,Will Ferrell,2016-02-06,Zoolander 2,37.253774,55969000.0,4.7,797.0,Comedy,49.0
0,Anthony Hopkins,1977-06-15,A Bridge Too Far,20.256570999999997,50750000.0,6.9,207.0,Drama,40.0
1,Anthony Hopkins,1980-10-02,The Elephant Man,30.271065999999998,26010864.0,7.9,719.0,Drama,43.0
2,Anthony Hopkins,1984-05-04,The Bounty,7.436491,8613462.0,6.5,108.0,Action,47.0
3,Anthony Hopkins,1991-02-01,The Silence of the Lambs,18.174804,272742922.0,8.1,4443.0,Crime,54.0
4,Anthony Hopkins,1992-03-13,Howards End,5.8973910000000025,25966555.0,6.9,95.0,Drama,55.0
5,Anthony Hopkins,1992-11-13,Dracula,45.022964,215862692.0,7.1,1056.0,Romance,55.0
6,Anthony Hopkins,1993-11-05,The Remains of the Day,15.355589000000002,23237911.0,7.5,202.0,Drama,56.0
7,Anthony Hopkins,1993-12-25,Shadowlands,5.6097550000000025,0.0,6.8,61.0,Drama,56.0
8,Anthony Hopkins,1994-12-16,Legends of the Fall,26.95272700000001,160638883.0,7.2,619.0,Adventure,57.0
9,Anthony Hopkins,1995-12-22,Nixon,3.770161,13681765.0,7.1,71.0,History,58.0
10,Anthony Hopkins,1997-09-06,The Edge,20.632673,43312294.0,6.7,349.0,Action,60.0
11,Anthony Hopkins,1997-12-03,Amistad,3.6982760000000003,74000000.0,6.8,316.0,Drama,60.0
12,Anthony Hopkins,1998-07-16,The Mask of Zorro,31.086790999999998,250288523.0,6.3,1183.0,Action,61.0
13,Anthony Hopkins,1998-11-12,Meet Joe Black,36.069611,142940100.0,6.9,1147.0,Fantasy,61.0
14,Anthony Hopkins,1999-06-04,Instinct,7.386394,0.0,6.2,146.0,Drama,62.0
15,Anthony Hopkins,2001-09-07,Hearts in Atlantis,7.06762,24185781.0,6.4,131.0,Drama,64.0
16,Anthony Hopkins,2002-06-07,Bad Company,14.086292000000002,65977295.0,5.4,228.0,Action,65.0
17,Anthony Hopkins,2002-09-29,Red Dragon,10.083905,209196298.0,6.7,1115.0,Crime,65.0
18,Anthony Hopkins,2004-11-21,Alexander,39.019228999999996,167298192.0,5.6,927.0,War,67.0
19,Anthony Hopkins,2005-10-12,The World's Fastest Indian,8.450513,0.0,7.3,166.0,Drama,68.0
20,Anthony Hopkins,2006-09-05,Bobby,11.706309,0.0,6.4,119.0,History,69.0
21,Anthony Hopkins,2006-09-10,All the King's Men,7.768223,9450897.0,5.7,95.0,Drama,69.0
22,Anthony Hopkins,2007-11-05,Beowulf,35.60166500000001,195735876.0,5.5,841.0,Adventure,70.0
23,Anthony Hopkins,2009-03-21,The City of Your Final Destination,1.3539709999999998,0.0,5.7,9.0,Drama,72.0
24,Anthony Hopkins,2010-02-11,The Wolfman,21.214571,0.0,5.5,549.0,Drama,73.0
25,Anthony Hopkins,2010-05-23,You Will Meet a Tall Dark Stranger,12.4654,0.0,5.8,251.0,Comedy,73.0
26,Anthony Hopkins,2011-01-28,The Rite,11.492474000000001,96047633.0,5.8,556.0,Drama,74.0
27,Anthony Hopkins,2011-04-21,Thor,86.493424,449326618.0,6.6,6525.0,Adventure,74.0
28,Anthony Hopkins,2013-07-18,RED 2,44.34333,0.0,6.4,1526.0,Action,76.0
29,Anthony Hopkins,2013-10-29,Thor: The Dark World,99.499595,644571402.0,6.8,4755.0,Action,76.0
30,Anthony Hopkins,2014-03-20,Noah,46.115758,362637473.0,5.6,2350.0,Drama,77.0
31,Anthony Hopkins,2016-02-05,Misconduct,10.016909,0.0,5.3,149.0,Drama,79.0
0,Ben Stiller,1996-02-16,Happy Gilmore,26.598884,41205099.0,6.5,755.0,Comedy,31.0
1,Ben Stiller,1996-03-22,Flirting with Disaster,5.500324,14702438.0,6.3,66.0,Comedy,31.0
2,Ben Stiller,1996-06-10,The Cable Guy,19.525659,102825796.0,5.7,594.0,Comedy,31.0
3,Ben Stiller,1998-01-30,Zero Effect,2.732031,1980338.0,6.0,55.0,Comedy,33.0
4,Ben Stiller,1998-07-15,There's Something About Mary,57.110486,369884651.0,6.5,1590.0,Romance,33.0
5,Ben Stiller,1999-08-06,Mystery Men,12.948627,29762011.0,5.7,250.0,Adventure,34.0
6,Ben Stiller,2000-04-14,Keeping the Faith,8.085872,37036004.0,5.9,159.0,Comedy,35.0
7,Ben Stiller,2000-10-06,Meet the Parents,29.97224000000001,330444045.0,6.6,1698.0,Comedy,35.0
8,Ben Stiller,2001-09-28,Zoolander,38.0958,60780981.0,6.1,1337.0,Comedy,36.0
9,Ben Stiller,2001-10-05,The Royal Tenenbaums,24.13081,71441250.0,7.4,1286.0,Comedy,36.0
10,Ben Stiller,2003-09-26,Duplex,15.590001,19322135.0,5.9,482.0,Action,38.0
11,Ben Stiller,2004-01-16,Along Came Polly,33.238296000000005,171963386.0,5.8,773.0,Comedy,39.0
12,Ben Stiller,2004-03-05,Starsky & Hutch,28.848841999999998,170268750.0,5.6,644.0,Comedy,39.0
13,Ben Stiller,2004-04-30,Envy,9.842771,0.0,4.8,139.0,Comedy,39.0
14,Ben Stiller,2004-06-18,DodgeBall: A True Underdog Story,41.156217,167722310.0,6.2,981.0,Comedy,39.0
15,Ben Stiller,2004-07-09,Anchorman: The Legend of Ron Burgundy,29.342744,90574188.0,6.7,1493.0,Comedy,39.0
16,Ben Stiller,2004-12-22,Meet the Fockers,32.829538,516642939.0,6.1,1373.0,Comedy,39.0
17,Ben Stiller,2005-05-25,Madagascar,48.110909,532680671.0,6.6,3237.0,Family,40.0
18,Ben Stiller,2006-09-29,School for Scoundrels,8.244324,17807569.0,5.6,111.0,Comedy,41.0
19,Ben Stiller,2006-10-20,Night at the Museum,48.780039,574480841.0,6.3,2862.0,Action,41.0
20,Ben Stiller,2008-08-09,Tropic Thunder,43.192048,188072649.0,6.5,1667.0,Action,43.0
21,Ben Stiller,2008-10-30,Madagascar: Escape 2 Africa,44.141021,603900354.0,6.2,1810.0,Family,43.0
22,Ben Stiller,2009-05-20,Night at the Museum: Battle of the Smithsonian,81.781591,413106170.0,5.9,1971.0,Adventure,44.0
23,Ben Stiller,2010-10-28,Megamind,68.757242,321887208.0,6.7,1918.0,Animation,45.0
24,Ben Stiller,2010-12-21,Little Fockers,32.389353,310650585.0,5.4,1060.0,Comedy,45.0
25,Ben Stiller,2011-11-02,Tower Heist,36.743324,152930623.0,5.8,932.0,Action,46.0
26,Ben Stiller,2012-06-06,Madagascar 3: Europe's Most Wanted,44.989191999999996,746921274.0,6.4,1808.0,Animation,47.0
27,Ben Stiller,2012-07-26,The Watch,39.395881,68267862.0,5.3,881.0,Comedy,47.0
28,Ben Stiller,2013-12-18,The Secret Life of Walter Mitty,43.348022,188133322.0,7.0,3144.0,Adventure,48.0
29,Ben Stiller,2014-12-17,Night at the Museum: Secret of the Tomb,115.597753,349424282.0,6.1,1851.0,Adventure,49.0
30,Ben Stiller,2015-04-03,While We're Young,19.263476999999998,7587485.0,5.8,383.0,Comedy,50.0
31,Ben Stiller,2016-02-06,Zoolander 2,37.253774,55969000.0,4.7,797.0,Comedy,51.0
0,Robin Williams,1987-12-23,"Good Morning, Vietnam",18.362333,123922370.0,7.1,642.0,Comedy,36.0
1,Robin Williams,1989-06-02,Dead Poets Society,55.458583999999995,235860116.0,8.1,2705.0,Drama,38.0
2,Robin Williams,1991-09-09,The Fisher King,16.146572,41895491.0,7.2,341.0,Comedy,40.0
3,Robin Williams,1991-12-11,Hook,33.648404,300854823.0,6.6,1532.0,Adventure,40.0
4,Robin Williams,1992-11-25,Aladdin,92.98200899999999,504050219.0,7.4,3416.0,Animation,41.0
5,Robin Williams,1993-11-24,Mrs. Doubtfire,30.884534999999996,441286195.0,7.0,1591.0,Comedy,42.0
6,Robin Williams,1996-12-25,Hamlet,9.814785,0.0,7.3,117.0,Drama,45.0
7,Robin Williams,1997-11-26,Flubber,11.503960000000001,177977226.0,5.3,695.0,Comedy,46.0
8,Robin Williams,1997-12-05,Good Will Hunting,43.734885999999996,225933435.0,7.9,2811.0,Drama,46.0
9,Robin Williams,1998-10-02,What Dreams May Come,21.891078,71485043.0,6.8,577.0,Drama,47.0
10,Robin Williams,1998-12-25,Patch Adams,35.537397,202292902.0,7.0,832.0,Comedy,47.0
11,Robin Williams,1999-09-16,Jakob the Liar,8.962245,0.0,6.0,90.0,Comedy,48.0
12,Robin Williams,1999-12-17,Bicentennial Man,24.939295,93700000.0,6.9,963.0,Comedy,48.0
13,Robin Williams,2001-06-29,A.I. Artificial Intelligence,34.035114,235926552.0,6.8,1974.0,Drama,50.0
14,Robin Williams,2002-03-28,Death to Smoochy,11.329727,0.0,5.9,132.0,Comedy,51.0
15,Robin Williams,2002-05-24,Insomnia,41.322708,113714830.0,6.8,1148.0,Crime,51.0
16,Robin Williams,2002-08-21,One Hour Photo,20.624896,52223306.0,6.6,435.0,Horror,51.0
17,Robin Williams,2005-03-10,Robots,29.558157,260696994.0,6.0,1333.0,Animation,54.0
18,Robin Williams,2005-04-15,House of D,6.3377349999999995,0.0,6.1,23.0,Comedy,54.0
19,Robin Williams,2006-02-12,The Night Listener,7.173058999999999,0.0,5.5,57.0,Drama,55.0
20,Robin Williams,2006-10-09,Man of the Year,11.203335000000001,41237648.0,5.8,129.0,Comedy,55.0
21,Robin Williams,2006-10-20,Night at the Museum,48.780039,574480841.0,6.3,2862.0,Action,55.0
22,Robin Williams,2006-11-16,Happy Feet,37.272385,384335608.0,5.9,1410.0,Animation,55.0
23,Robin Williams,2007-03-01,Certifiably Jonathan,0.047781,0.0,0.0,0.0,Comedy,56.0
24,Robin Williams,2007-07-04,License to Wed,14.503568,69307224.0,5.2,253.0,Comedy,56.0
25,Robin Williams,2007-11-21,August Rush,29.533437,66122026.0,7.1,797.0,Drama,56.0
26,Robin Williams,2009-05-20,Night at the Museum: Battle of the Smithsonian,81.781591,413106170.0,5.9,1971.0,Adventure,58.0
27,Robin Williams,2009-08-20,World's Greatest Dad,9.805551,295750.0,6.5,177.0,Comedy,58.0
28,Robin Williams,2009-11-24,Old Dogs,13.707842999999999,92219310.0,5.2,210.0,Comedy,58.0
29,Robin Williams,2011-11-17,Happy Feet Two,17.7735,150406466.0,5.8,373.0,Animation,60.0
30,Robin Williams,2013-04-25,The Big Wedding,18.843320000000002,21819348.0,5.7,414.0,Comedy,62.0
31,Robin Williams,2014-12-17,Night at the Museum: Secret of the Tomb,115.597753,349424282.0,6.1,1851.0,Adventure,63.0
0,Liam Neeson,1983-07-29,Krull,9.904881,16519460.0,5.8,129.0,Fantasy,31.0
1,Liam Neeson,1984-05-04,The Bounty,7.436491,8613462.0,6.5,108.0,Action,32.0
2,Liam Neeson,1993-11-29,Schindler's List,104.469351,321365567.0,8.3,4329.0,Drama,41.0
3,Liam Neeson,1995-04-13,Rob Roy,10.703456,31596911.0,6.5,148.0,Adventure,43.0
4,Liam Neeson,1996-10-25,Michael Collins,8.314624,16900000.0,6.7,97.0,Drama,44.0
5,Liam Neeson,1999-05-19,Star Wars: Episode I - The Phantom Menace,54.035265,924317558.0,6.3,4432.0,Adventure,47.0
6,Liam Neeson,1999-07-23,The Haunting,19.375768,91188905.0,5.2,369.0,Horror,47.0
7,Liam Neeson,2000-02-04,Gun Shy,3.988432,1631839.0,5.4,24.0,Action,48.0
8,Liam Neeson,2002-07-19,K-19: The Widowmaker,15.625948999999999,35168966.0,6.1,264.0,Drama,50.0
9,Liam Neeson,2002-12-14,Gangs of New York,46.160047999999996,193772504.0,7.1,1910.0,Drama,50.0
10,Liam Neeson,2004-09-04,Kinsey,6.799314,0.0,6.6,131.0,Drama,52.0
11,Liam Neeson,2005-05-03,Kingdom of Heaven,44.490453,211643158.0,6.6,1157.0,Drama,53.0
12,Liam Neeson,2005-06-10,Batman Begins,115.040024,374218673.0,7.5,7359.0,Action,53.0
13,Liam Neeson,2005-12-07,"The Chronicles of Narnia: The Lion, the Witch and the Wardrobe",67.391328,748806957.0,6.7,2629.0,Adventure,53.0
14,Liam Neeson,2008-02-18,Taken,80.879032,226830568.0,7.2,4369.0,Action,56.0
15,Liam Neeson,2009-03-25,Chloe,26.373864,8459458.0,5.9,498.0,Drama,57.0
16,Liam Neeson,2010-04-01,Clash of the Titans,47.686442,232713139.0,5.6,2233.0,Adventure,58.0
17,Liam Neeson,2010-04-09,After.Life,14.570359,3606395.0,5.4,251.0,Drama,58.0
18,Liam Neeson,2011-02-16,Unknown,38.643914,130786397.0,6.5,1265.0,Action,59.0
19,Liam Neeson,2012-01-26,The Grey,48.552871,77278331.0,6.4,1451.0,Action,60.0
20,Liam Neeson,2012-03-27,Wrath of the Titans,44.927634999999995,301000000.0,5.5,1431.0,Adventure,60.0
21,Liam Neeson,2012-04-11,Battleship,64.928382,303025485.0,5.5,2114.0,Thriller,60.0
22,Liam Neeson,2012-09-27,Taken 2,49.353524,376141306.0,6.1,2757.0,Action,60.0
23,Liam Neeson,2013-07-18,Khumba,6.459787,27187375.0,5.8,72.0,Animation,61.0
24,Liam Neeson,2014-01-17,The Nut Job,18.568020999999998,0.0,5.5,319.0,Animation,62.0
25,Liam Neeson,2014-01-26,Non-Stop,83.295796,222809600.0,6.8,2268.0,Action,62.0
26,Liam Neeson,2014-02-06,The Lego Movie,59.54792800000001,469160692.0,7.5,3070.0,Adventure,62.0
27,Liam Neeson,2014-05-22,A Million Ways to Die in the West,32.808675,0.0,5.8,1468.0,Comedy,62.0
28,Liam Neeson,2014-09-18,A Walk Among the Tombstones,61.309619,53181600.0,6.2,1131.0,Crime,62.0
29,Liam Neeson,2014-12-16,Taken 3,88.84477700000002,325771424.0,6.1,2200.0,Thriller,62.0
30,Liam Neeson,2015-03-11,Run All Night,74.64653,71561644.0,6.3,1148.0,Action,63.0
31,Liam Neeson,2016-07-27,Operation Chromite,6.116436,0.0,5.8,29.0,History,64.0
0,Denzel Washington,1987-11-05,Cry Freedom,3.735723,0.0,6.9,51.0,Drama,33.0
1,Denzel Washington,1989-12-15,Glory,16.102271,26828365.0,7.4,383.0,War,35.0
2,Denzel Washington,1990-08-03,Mo' Better Blues,3.079862,16153593.0,6.3,47.0,Drama,36.0
3,Denzel Washington,1992-11-18,Malcolm X,19.822791,48169908.0,7.2,370.0,Drama,38.0
4,Denzel Washington,1993-05-07,Much Ado About Nothing,10.193769999999999,0.0,7.2,189.0,Drama,39.0
5,Denzel Washington,1993-12-16,The Pelican Brief,17.923254,195268056.0,6.3,371.0,Drama,39.0
6,Denzel Washington,1993-12-22,Philadelphia,44.301745000000004,206678440.0,7.6,988.0,Drama,39.0
7,Denzel Washington,1995-05-12,Crimson Tide,20.334629,157387195.0,7.0,498.0,Action,41.0
8,Denzel Washington,1995-08-04,Virtuosity,5.301589,24048000.0,5.4,163.0,Action,41.0
9,Denzel Washington,1996-07-04,Courage Under Fire,12.971122,100860818.0,6.2,232.0,Drama,42.0
10,Denzel Washington,1998-05-01,He Got Game,10.232599,21567853.0,6.7,134.0,Drama,44.0
11,Denzel Washington,1998-11-06,The Siege,20.089933,116672912.0,6.0,352.0,Drama,44.0
12,Denzel Washington,1999-09-17,The Hurricane,20.825781,73956241.0,7.2,396.0,Drama,45.0
13,Denzel Washington,1999-11-04,The Bone Collector,33.884459,151493655.0,6.5,826.0,Drama,45.0
14,Denzel Washington,2000-09-29,Remember the Titans,25.996219,136706683.0,7.4,821.0,Drama,46.0
15,Denzel Washington,2001-10-05,Training Day,52.081131,104876233.0,7.3,1634.0,Action,47.0
16,Denzel Washington,2002-02-15,John Q,27.465433,102244770.0,7.0,594.0,Drama,48.0
17,Denzel Washington,2002-12-19,Antwone Fisher,13.349012,23367586.0,6.7,137.0,Drama,48.0
18,Denzel Washington,2003-10-03,Out of Time,14.993459,55495563.0,6.1,298.0,Thriller,49.0
19,Denzel Washington,2004-04-23,Man on Fire,45.299089,130293714.0,7.3,1553.0,Action,50.0
20,Denzel Washington,2004-07-30,The Manchurian Candidate,21.394281,96105964.0,6.2,393.0,Drama,50.0
21,Denzel Washington,2006-03-23,Inside Man,45.220386,184376254.0,7.3,1630.0,Crime,52.0
22,Denzel Washington,2007-11-02,American Gangster,42.361215,266465037.0,7.4,1502.0,Drama,53.0
23,Denzel Washington,2007-12-27,The Great Debaters,10.84158,30226144.0,6.9,151.0,Drama,53.0
24,Denzel Washington,2009-06-11,The Taking of Pelham 1 2 3,40.597856,150166126.0,6.2,954.0,Thriller,55.0
25,Denzel Washington,2010-01-14,The Book of Eli,32.363538,157107755.0,6.6,2164.0,Action,56.0
26,Denzel Washington,2010-11-04,Unstoppable,37.698465,167805466.0,6.3,1165.0,Action,56.0
27,Denzel Washington,2012-02-09,Safe House,34.773106,208076205.0,6.3,1345.0,Action,58.0
28,Denzel Washington,2012-11-02,Flight,42.213765,161772375.0,6.5,2415.0,Drama,58.0
29,Denzel Washington,2013-08-02,2 Guns,42.881415000000004,131940411.0,6.6,1589.0,Action,59.0
30,Denzel Washington,2014-09-24,The Equalizer,79.92205899999998,192330738.0,7.1,2954.0,Thriller,60.0
0,Mark Wahlberg,1994-06-03,Renaissance Man,4.516953,24332324.0,5.9,81.0,Comedy,23.0
1,Mark Wahlberg,1997-09-11,Boogie Nights,19.85579,43101594.0,7.5,796.0,Drama,26.0
2,Mark Wahlberg,1998-04-24,The Big Hit,6.425528,27007143.0,6.1,109.0,Action,27.0
3,Mark Wahlberg,1999-03-12,The Corruptor,4.068107,15156200.0,6.0,57.0,Action,28.0
4,Mark Wahlberg,1999-09-27,Three Kings,34.973086,108000000.0,6.6,692.0,Action,28.0
5,Mark Wahlberg,2000-03-15,The Perfect Storm,25.752118,325756637.0,6.2,597.0,Drama,29.0
6,Mark Wahlberg,2000-04-27,The Yards,10.150993,0.0,6.0,97.0,Drama,29.0
7,Mark Wahlberg,2001-07-25,Planet of the Apes,51.188633,362211740.0,5.6,1243.0,Thriller,30.0
8,Mark Wahlberg,2001-09-04,Rock Star,11.60815,16991902.0,6.0,190.0,Music,30.0
9,Mark Wahlberg,2003-05-30,The Italian Job,62.766854,176070171.0,6.6,1919.0,Action,32.0
10,Mark Wahlberg,2004-09-10,I Heart Huckabees,14.925633,0.0,6.2,239.0,Comedy,33.0
11,Mark Wahlberg,2005-08-11,Four Brothers,24.694551,92374674.0,6.7,607.0,Action,34.0
12,Mark Wahlberg,2006-10-05,The Departed,63.429157,289847354.0,7.9,4339.0,Drama,35.0
13,Mark Wahlberg,2007-03-22,Shooter,37.378081,95696996.0,6.9,1462.0,Action,36.0
14,Mark Wahlberg,2007-05-25,We Own the Night,14.518707999999998,54926886.0,6.5,323.0,Drama,36.0
15,Mark Wahlberg,2008-06-11,The Happening,20.501582,163403799.0,4.9,950.0,Thriller,37.0
16,Mark Wahlberg,2008-10-15,Max Payne,25.903237,85416905.0,5.2,613.0,Action,37.0
17,Mark Wahlberg,2009-12-26,The Lovely Bones,29.257137,93525586.0,6.6,1065.0,Fantasy,38.0
18,Mark Wahlberg,2010-04-08,Date Night,38.061679999999996,152263880.0,5.9,1122.0,Comedy,39.0
19,Mark Wahlberg,2010-08-06,The Other Guys,24.399642,170432927.0,6.1,1383.0,Action,39.0
20,Mark Wahlberg,2010-12-17,The Fighter,31.019381,93617009.0,7.2,1486.0,Drama,39.0
21,Mark Wahlberg,2012-01-12,Contraband,31.364901,63100000.0,6.1,770.0,Thriller,41.0
22,Mark Wahlberg,2012-06-29,Ted,68.87691,549368315.0,6.3,4697.0,Comedy,41.0
23,Mark Wahlberg,2013-01-18,Broken City,29.490057,19701164.0,5.7,593.0,Thriller,42.0
24,Mark Wahlberg,2013-04-18,Pain & Gain,31.893932,86175291.0,6.1,1573.0,Thriller,42.0
25,Mark Wahlberg,2013-08-02,2 Guns,42.881415000000004,131940411.0,6.6,1589.0,Action,42.0
26,Mark Wahlberg,2013-12-24,Lone Survivor,37.084384,149295601.0,7.4,1526.0,Action,42.0
27,Mark Wahlberg,2014-06-25,Transformers: Age of Extinction,116.840296,1091405097.0,5.8,3095.0,Science Fiction,43.0
28,Mark Wahlberg,2014-12-25,The Gambler,22.622453,39171130.0,5.7,543.0,Thriller,43.0
29,Mark Wahlberg,2015-06-25,Ted 2,68.734513,217022588.0,6.2,2463.0,Comedy,44.0
30,Mark Wahlberg,2015-12-25,Daddy's Home,38.616744,242786137.0,5.8,854.0,Comedy,44.0
0,George Clooney,1996-01-19,From Dusk Till Dawn,64.181668,25836616.0,6.9,1603.0,Horror,35.0
1,George Clooney,1997-06-20,Batman & Robin,50.073575,238207122.0,4.2,1418.0,Action,36.0
2,George Clooney,1997-09-26,The Peacemaker,15.931084,0.0,5.8,255.0,Action,36.0
3,George Clooney,1998-06-26,Out of Sight,16.000178,77745568.0,6.5,333.0,Romance,37.0
4,George Clooney,1998-12-25,The Thin Red Line,40.072583,98126565.0,7.2,771.0,Drama,37.0
5,George Clooney,1999-06-30,"South Park: Bigger, Longer & Uncut",27.197799,0.0,7.1,893.0,Animation,38.0
6,George Clooney,1999-09-27,Three Kings,34.973086,108000000.0,6.6,692.0,Action,38.0
7,George Clooney,2000-03-15,The Perfect Storm,25.752118,325756637.0,6.2,597.0,Drama,39.0
8,George Clooney,2000-08-30,"O Brother, Where Art Thou?",39.742009,71868327.0,7.3,1112.0,Action,39.0
9,George Clooney,2001-12-07,Ocean's Eleven,60.929352,450717150.0,7.2,3783.0,Thriller,40.0
10,George Clooney,2002-05-24,Welcome to Collinwood,3.582733,0.0,6.2,50.0,Comedy,41.0
11,George Clooney,2002-12-30,Confessions of a Dangerous Mind,18.165957000000002,33013805.0,6.6,275.0,Comedy,41.0
12,George Clooney,2003-09-02,Intolerable Cruelty,22.620125,119940815.0,5.8,391.0,Crime,42.0
13,George Clooney,2004-12-09,Ocean's Twelve,76.840712,362744280.0,6.4,2124.0,Thriller,43.0
14,George Clooney,2005-11-23,Syriana,16.871194,94000000.0,6.3,451.0,Drama,44.0
15,George Clooney,2006-12-08,The Good German,5.347936,5914908.0,5.9,86.0,War,45.0
16,George Clooney,2007-06-07,Ocean's Thirteen,42.069993,311312624.0,6.5,1999.0,Crime,46.0
17,George Clooney,2007-09-28,Michael Clayton,18.961323,92991835.0,6.5,501.0,Drama,46.0
18,George Clooney,2008-03-24,Leatherheads,7.7392759999999985,41299492.0,5.7,130.0,Comedy,47.0
19,George Clooney,2008-09-05,Burn After Reading,31.941346999999997,163720069.0,6.5,1222.0,Comedy,47.0
20,George Clooney,2009-09-05,Up in the Air,33.704181,163670000.0,6.7,1205.0,Drama,48.0
21,George Clooney,2009-10-17,The Men Who Stare at Goats,20.69219,68729358.0,5.9,742.0,Comedy,48.0
22,George Clooney,2009-10-23,Fantastic Mr. Fox,41.258956,46471023.0,7.5,1176.0,Adventure,48.0
23,George Clooney,2010-08-31,The American,18.632156,65464324.0,5.8,481.0,Crime,49.0
24,George Clooney,2011-09-09,The Descendants,40.903931,177243185.0,6.7,934.0,Comedy,50.0
25,George Clooney,2011-09-24,The Ides of March,20.317469,75993061.0,6.5,910.0,Drama,50.0
26,George Clooney,2013-09-27,Gravity,110.153618,716392705.0,7.3,5751.0,Science Fiction,52.0
27,George Clooney,2014-01-24,The Monuments Men,43.873266,154984035.0,5.8,1523.0,War,53.0
28,George Clooney,2015-05-19,Tomorrowland,130.311355,209154322.0,6.2,2846.0,Adventure,54.0
29,George Clooney,2016-02-05,"Hail, Caesar!",39.006187,63647656.0,5.7,1309.0,Comedy,55.0
30,George Clooney,2016-05-12,Money Monster,38.279458,93282604.0,6.5,1068.0,Thriller,55.0
0,Willem Dafoe,1986-12-18,Platoon,49.802914,138530565.0,7.5,1205.0,Drama,31.0
1,Willem Dafoe,1988-08-12,The Last Temptation of Christ,14.672151000000001,8373585.0,7.0,201.0,Drama,33.0
2,Willem Dafoe,1991-01-18,Flight of the Intruder,6.81729,0.0,5.7,31.0,Action,36.0
3,Willem Dafoe,1992-08-21,Light Sleeper,6.063868,0.0,5.7,15.0,Drama,37.0
4,Willem Dafoe,1994-08-03,Clear and Present Danger,18.832470999999998,215887717.0,6.4,386.0,Action,39.0
5,Willem Dafoe,1996-11-14,The English Patient,29.381878000000004,231976425.0,7.0,542.0,Drama,41.0
6,Willem Dafoe,1997-06-13,Speed 2: Cruise Control,23.336875,164508066.0,4.1,434.0,Action,42.0
7,Willem Dafoe,1999-01-22,The Boondock Saints,34.917446999999996,30471.0,7.2,837.0,Action,44.0
8,Willem Dafoe,1999-04-14,eXistenZ,21.928025,2856712.0,6.7,475.0,Action,44.0
9,Willem Dafoe,2000-04-13,American Psycho,45.310443,34266564.0,7.3,2066.0,Thriller,45.0
10,Willem Dafoe,2000-05-15,Shadow of the Vampire,5.93923,8279017.0,6.6,148.0,Drama,45.0
11,Willem Dafoe,2002-05-01,Spider-Man,82.502566,821708551.0,6.8,5265.0,Fantasy,47.0
12,Willem Dafoe,2002-10-18,Auto Focus,7.051521000000001,2062066.0,6.1,56.0,Drama,47.0
13,Willem Dafoe,2003-05-30,Finding Nemo,85.688789,940335536.0,7.6,6122.0,Animation,48.0
14,Willem Dafoe,2003-09-11,Once Upon a Time in Mexico,27.55564600000001,98185582.0,6.2,594.0,Action,48.0
15,Willem Dafoe,2004-06-25,Spider-Man 2,35.149586,783766341.0,6.7,4321.0,Action,49.0
16,Willem Dafoe,2004-12-10,The Life Aquatic with Steve Zissou,25.237969,34808403.0,7.1,775.0,Adventure,49.0
17,Willem Dafoe,2005-04-27,xXx: State of the Union,36.689223,71073932.0,4.7,549.0,Action,50.0
18,Willem Dafoe,2005-05-16,Manderlay,7.05145,674918.0,6.9,78.0,Drama,50.0
19,Willem Dafoe,2006-03-04,American Dreamz,7.864011,7314027.0,4.9,95.0,Comedy,51.0
20,Willem Dafoe,2006-03-23,Inside Man,45.220386,184376254.0,7.3,1630.0,Crime,51.0
21,Willem Dafoe,2006-05-16,"Paris, je t'aime",10.573191,4857367.0,6.8,207.0,Drama,51.0
22,Willem Dafoe,2007-03-22,Mr. Bean's Holiday,27.683874,229736344.0,6.1,663.0,Family,52.0
23,Willem Dafoe,2008-08-08,Adam Resurrected,2.574014,0.0,6.4,22.0,Drama,53.0
24,Willem Dafoe,2009-01-06,Daybreakers,28.019226,51416464.0,6.0,634.0,Fantasy,54.0
25,Willem Dafoe,2009-10-23,Fantastic Mr. Fox,41.258956,46471023.0,7.5,1176.0,Adventure,54.0
26,Willem Dafoe,2012-03-07,John Carter,43.926995,284139100.0,6.1,2124.0,Action,57.0
27,Willem Dafoe,2013-12-06,Out of the Furnace,29.230297999999998,15400000.0,6.5,720.0,Thriller,58.0
28,Willem Dafoe,2014-02-26,The Grand Budapest Hotel,74.417456,174600318.0,8.0,4519.0,Comedy,59.0
29,Willem Dafoe,2014-05-16,The Fault in Our Stars,74.358971,307166834.0,7.6,3759.0,Romance,59.0
30,Willem Dafoe,2014-07-25,A Most Wanted Man,26.708192999999998,31554855.0,6.5,541.0,Thriller,59.0
0,Christopher Plummer,1964-03-24,The Fall of the Roman Empire,4.229941999999999,4750000.0,6.0,33.0,Drama,35.0
1,Christopher Plummer,1965-03-02,The Sound of Music,37.960289,286214286.0,7.4,941.0,Drama,36.0
2,Christopher Plummer,1970-10-26,Waterloo,1.8947490000000002,3052000.0,7.0,31.0,History,41.0
3,Christopher Plummer,1975-05-21,The Return of the Pink Panther,6.470766,41833347.0,6.7,137.0,Comedy,46.0
4,Christopher Plummer,1980-10-02,Somewhere in Time,5.9340160000000015,0.0,7.2,102.0,Science Fiction,51.0
5,Christopher Plummer,1991-12-05,Star Trek VI: The Undiscovered Country,16.188572,96900000.0,6.7,413.0,Science Fiction,62.0
6,Christopher Plummer,1994-06-17,Wolf,13.758526000000002,0.0,6.0,216.0,Fantasy,65.0
7,Christopher Plummer,1999-10-28,The Insider,26.153669,60289912.0,7.3,481.0,Drama,70.0
8,Christopher Plummer,2000-12-22,Dracula 2000,6.7567710000000005,33000337.0,4.6,148.0,Thriller,71.0
9,Christopher Plummer,2001-08-24,Lucky Break,0.669169,0.0,6.5,11.0,Action,72.0
10,Christopher Plummer,2001-12-11,A Beautiful Mind,59.248437,313542341.0,7.7,3009.0,Drama,72.0
11,Christopher Plummer,2002-05-20,Ararat,1.3262639999999999,0.0,5.7,16.0,War,73.0
12,Christopher Plummer,2002-12-27,Nicholas Nickleby,5.099923,0.0,6.8,49.0,Adventure,73.0
13,Christopher Plummer,2003-09-11,The Visual Bible: The Gospel of John,3.2081720000000002,4069090.0,8.2,12.0,Drama,74.0
14,Christopher Plummer,2004-11-19,National Treasure,58.849256000000004,347451894.0,6.4,1926.0,Adventure,75.0
15,Christopher Plummer,2004-11-21,Alexander,39.019228999999996,167298192.0,5.6,927.0,War,75.0
16,Christopher Plummer,2005-07-21,Must Love Dogs,11.120167,58405313.0,5.8,140.0,Comedy,76.0
17,Christopher Plummer,2005-11-23,Syriana,16.871194,94000000.0,6.3,451.0,Drama,76.0
18,Christopher Plummer,2005-12-25,The New World,19.106154,30536013.0,6.4,330.0,Drama,76.0
19,Christopher Plummer,2006-03-23,Inside Man,45.220386,184376254.0,7.3,1630.0,Crime,77.0
20,Christopher Plummer,2006-06-16,The Lake House,29.887359999999997,114830111.0,6.5,670.0,Romance,77.0
21,Christopher Plummer,2009-01-01,My Dog Tulip,1.1702569999999999,246574.0,7.6,9.0,Animation,80.0
22,Christopher Plummer,2009-05-13,Up,92.201962,735099082.0,7.7,6870.0,Animation,80.0
23,Christopher Plummer,2009-08-19,9,55.806402,48428063.0,6.6,1262.0,Action,80.0
24,Christopher Plummer,2009-09-04,The Last Station,3.6592919999999998,0.0,6.7,55.0,Drama,80.0
25,Christopher Plummer,2009-10-01,The Imaginarium of Doctor Parnassus,37.181019,64352607.0,6.3,869.0,Adventure,80.0
26,Christopher Plummer,2010-09-11,Beginners,11.933449000000001,5332926.0,6.8,347.0,Drama,81.0
27,Christopher Plummer,2011-05-05,Priest,28.350927000000002,78309131.0,5.4,692.0,Action,82.0
28,Christopher Plummer,2011-12-14,The Girl with the Dragon Tattoo,47.651083,232617430.0,7.2,2434.0,Thriller,82.0
29,Christopher Plummer,2014-03-07,Elsa & Fred,2.849895,0.0,6.2,31.0,Comedy,85.0
30,Christopher Plummer,2015-03-19,Danny Collins,16.318607999999998,10835752.0,6.6,183.0,Comedy,86.0
0,Christopher Walken,1977-04-19,Annie Hall,35.892034,38251425.0,7.8,1010.0,Comedy,34.0
1,Christopher Walken,1978-12-08,The Deer Hunter,19.786392000000006,50000000.0,7.8,921.0,Drama,35.0
2,Christopher Walken,1980-11-19,Heaven's Gate,5.3801239999999995,3484331.0,6.4,55.0,Action,37.0
3,Christopher Walken,1983-10-21,The Dead Zone,16.785120000000006,20766616.0,6.9,311.0,Horror,40.0
4,Christopher Walken,1985-05-24,A View to a Kill,27.230493,152427960.0,6.0,506.0,Adventure,42.0
5,Christopher Walken,1992-06-19,Batman Returns,59.113174,280000000.0,6.6,1673.0,Action,49.0
6,Christopher Walken,1993-09-09,True Romance,35.268557,12281551.0,7.5,749.0,Action,50.0
7,Christopher Walken,1995-09-01,The Prophecy,11.818333,16.0,6.4,138.0,Fantasy,52.0
8,Christopher Walken,1995-12-01,Things to Do in Denver When You're Dead,6.932221000000001,529766.0,6.7,85.0,Drama,52.0
9,Christopher Walken,1996-01-26,The Funeral,2.950618,1227324.0,7.3,31.0,Crime,53.0
10,Christopher Walken,1998-05-21,Illuminata,0.11131300000000001,0.0,6.3,7.0,Drama,55.0
11,Christopher Walken,1999-02-12,Blast from the Past,8.737058,40263020.0,6.3,245.0,Comedy,56.0
12,Christopher Walken,2001-04-10,Joe Dirt,15.976335,30987695.0,5.5,242.0,Mystery,58.0
13,Christopher Walken,2001-07-17,America's Sweethearts,10.698929,0.0,5.5,252.0,Comedy,58.0
14,Christopher Walken,2002-06-07,Poolhall Junkies,5.90259,0.0,6.5,25.0,Comedy,59.0
15,Christopher Walken,2002-07-26,The Country Bears,6.908351,0.0,4.3,20.0,Adventure,59.0
16,Christopher Walken,2002-12-25,Catch Me If You Can,73.94404899999998,352114312.0,7.7,3795.0,Drama,59.0
17,Christopher Walken,2003-01-17,Kangaroo Jack,10.292864,0.0,4.3,203.0,Comedy,60.0
18,Christopher Walken,2003-08-01,Gigli,9.053456,7266209.0,3.5,104.0,Drama,60.0
19,Christopher Walken,2003-09-26,The Rundown,24.107835,80916492.0,6.4,514.0,Adventure,60.0
20,Christopher Walken,2004-04-23,Man on Fire,45.299089,130293714.0,7.3,1553.0,Action,61.0
21,Christopher Walken,2004-04-30,Envy,9.842771,0.0,4.8,139.0,Comedy,61.0
22,Christopher Walken,2004-06-10,The Stepford Wives,19.224754,102000000.0,5.4,334.0,Action,61.0
23,Christopher Walken,2005-09-13,Romance & Cigarettes,4.056774,2945242.0,6.0,33.0,Comedy,62.0
24,Christopher Walken,2006-06-22,Click,41.176631,237681299.0,6.0,2104.0,Comedy,63.0
25,Christopher Walken,2006-10-09,Man of the Year,11.203335000000001,41237648.0,5.8,129.0,Comedy,63.0
26,Christopher Walken,2007-07-13,Hairspray,31.160542,90450008.0,6.5,709.0,Family,64.0
27,Christopher Walken,2012-09-07,Seven Psychopaths,32.306455,19422261.0,6.7,1206.0,Comedy,69.0
28,Christopher Walken,2014-06-05,Jersey Boys,14.199932999999998,67347013.0,6.8,255.0,Music,71.0
29,Christopher Walken,2016-02-26,Eddie the Eagle,29.365851,46152800.0,7.2,661.0,Comedy,73.0
30,Christopher Walken,2016-04-07,The Jungle Book,94.19931600000001,966550600.0,6.7,2892.0,Family,73.0
0,Stanley Tucci,1995-04-21,Kiss of Death,6.908939999999999,0.0,5.7,81.0,Action,35.0
1,Stanley Tucci,1999-08-25,In Too Deep,2.772178,14011454.0,6.2,17.0,Drama,39.0
2,Stanley Tucci,2001-07-17,America's Sweethearts,10.698929,0.0,5.5,252.0,Comedy,41.0
3,Stanley Tucci,2002-04-05,Big Trouble,5.201688,8493890.0,6.3,80.0,Action,42.0
4,Stanley Tucci,2002-12-13,Maid in Manhattan,19.738215,154906693.0,5.6,485.0,Comedy,42.0
5,Stanley Tucci,2003-03-28,The Core,29.211254999999998,74208267.0,5.4,516.0,Action,43.0
6,Stanley Tucci,2004-06-17,The Terminal,57.753914,219417255.0,7.0,1910.0,Comedy,44.0
7,Stanley Tucci,2004-10-15,Shall We Dance?,14.231898999999999,170128460.0,5.9,297.0,Drama,44.0
8,Stanley Tucci,2006-02-24,Lucky Number Slevin,36.921445,56308881.0,7.4,1323.0,Drama,46.0
9,Stanley Tucci,2006-06-30,The Devil Wears Prada,83.89325699999998,326551094.0,7.0,3088.0,Comedy,46.0
10,Stanley Tucci,2006-10-14,The Hoax,5.073536,11772461.0,6.4,60.0,Comedy,46.0
11,Stanley Tucci,2008-07-02,Kit Kittredge: An American Girl,6.2714099999999995,0.0,6.4,34.0,Comedy,48.0
12,Stanley Tucci,2008-08-01,Swing Vote,5.815881,17600000.0,5.8,65.0,Drama,48.0
13,Stanley Tucci,2008-10-17,What Just Happened,8.31653,6673422.0,5.2,127.0,Comedy,48.0
14,Stanley Tucci,2008-12-19,The Tale of Despereaux,16.493576,50877145.0,5.8,258.0,Adventure,48.0
15,Stanley Tucci,2009-08-06,Julie & Julia,22.853006,129540499.0,6.6,560.0,Romance,49.0
16,Stanley Tucci,2009-12-26,The Lovely Bones,29.257137,93525586.0,6.6,1065.0,Fantasy,49.0
17,Stanley Tucci,2010-09-10,Easy A,45.395839,74952305.0,6.7,2210.0,Comedy,50.0
18,Stanley Tucci,2010-11-23,Burlesque,22.863516,89519773.0,6.9,573.0,Drama,50.0
19,Stanley Tucci,2011-07-22,Captain America: The First Avenger,74.50624599999998,370569774.0,6.6,7047.0,Action,51.0
20,Stanley Tucci,2011-09-28,Margin Call,26.259389000000002,19504039.0,6.7,524.0,Thriller,51.0
21,Stanley Tucci,2012-03-12,The Hunger Games,68.550698,691210692.0,6.9,9455.0,Science Fiction,52.0
22,Stanley Tucci,2013-02-27,Jack the Giant Slayer,43.349855,197687603.0,5.5,2598.0,Action,53.0
23,Stanley Tucci,2013-08-07,Percy Jackson: Sea of Monsters,40.262260999999995,174578751.0,5.9,1648.0,Adventure,53.0
24,Stanley Tucci,2013-10-11,The Fifth Estate,20.267062,8555008.0,5.7,364.0,Drama,53.0
25,Stanley Tucci,2013-11-15,The Hunger Games: Catching Fire,76.310119,847423452.0,7.4,6495.0,Adventure,53.0
26,Stanley Tucci,2014-06-25,Transformers: Age of Extinction,116.840296,1091405097.0,5.8,3095.0,Science Fiction,54.0
27,Stanley Tucci,2015-01-14,Wild Card,48.0343,0.0,5.4,656.0,Thriller,55.0
28,Stanley Tucci,2015-11-06,Spotlight,41.503588,88346473.0,7.8,2686.0,Drama,55.0
29,Stanley Tucci,2015-11-18,The Hunger Games: Mockingjay - Part 2,127.28442700000001,653428261.0,6.6,3984.0,Action,55.0
0,Tom Cruise,1983-03-25,The Outsiders,13.455373000000002,33697647.0,6.9,291.0,Crime,21.0
1,Tom Cruise,1983-04-08,Losin' It,2.550045,1246141.0,4.5,31.0,Comedy,21.0
2,Tom Cruise,1986-05-16,Top Gun,58.900647,356830601.0,6.7,1698.0,Action,24.0
3,Tom Cruise,1986-10-07,The Color of Money,17.3393,52293982.0,6.7,291.0,Drama,24.0
4,Tom Cruise,1988-12-11,Rain Man,49.510658,412800000.0,7.6,1709.0,Drama,26.0
5,Tom Cruise,1989-12-20,Born on the Fourth of July,25.949277,161001698.0,6.7,395.0,Drama,27.0
6,Tom Cruise,1990-06-27,Days of Thunder,16.278022,157920733.0,5.9,353.0,Adventure,28.0
7,Tom Cruise,1992-12-11,A Few Good Men,40.379965999999996,243240178.0,7.1,877.0,Drama,30.0
8,Tom Cruise,1993-06-30,The Firm,23.736535,270248367.0,6.6,501.0,Drama,31.0
9,Tom Cruise,1994-11-11,Interview with the Vampire,50.163785,223664608.0,7.2,1516.0,Horror,32.0
10,Tom Cruise,1996-05-22,Mission: Impossible,75.290998,457696359.0,6.7,2631.0,Adventure,34.0
11,Tom Cruise,1996-12-06,Jerry Maguire,27.039635999999998,273552592.0,6.7,913.0,Comedy,34.0
12,Tom Cruise,1999-07-14,Eyes Wide Shut,27.870312,162091208.0,7.1,1234.0,Mystery,37.0
13,Tom Cruise,1999-12-08,Magnolia,30.993736,48451803.0,7.5,825.0,Drama,37.0
14,Tom Cruise,2000-05-24,Mission: Impossible II,54.931334,546388105.0,5.9,1928.0,Adventure,38.0
15,Tom Cruise,2001-12-10,Vanilla Sky,27.299301,203388341.0,6.5,1078.0,Drama,39.0
16,Tom Cruise,2002-06-20,Minority Report,65.948959,358372926.0,7.1,2608.0,Action,40.0
17,Tom Cruise,2003-12-05,The Last Samurai,52.341226,456758981.0,7.3,1895.0,Drama,41.0
18,Tom Cruise,2004-08-04,Collateral,44.815022,217764291.0,7.0,1451.0,Drama,42.0
19,Tom Cruise,2005-06-28,War of the Worlds,48.572726,591739379.0,6.2,2322.0,Adventure,43.0
20,Tom Cruise,2006-05-03,Mission: Impossible III,63.079003,397850012.0,6.5,2028.0,Adventure,44.0
21,Tom Cruise,2007-10-22,Lions for Lambs,9.789027,63215872.0,6.0,216.0,Action,45.0
22,Tom Cruise,2008-12-25,Valkyrie,38.832842,200276000.0,6.7,1173.0,Drama,46.0
23,Tom Cruise,2010-06-15,Knight and Day,44.906918,261930431.0,5.9,1547.0,Action,48.0
24,Tom Cruise,2011-12-07,Mission: Impossible - Ghost Protocol,77.77476999999998,694713380.0,6.8,3972.0,Action,49.0
25,Tom Cruise,2012-06-13,Rock of Ages,23.515938000000002,59418613.0,6.0,385.0,Comedy,50.0
26,Tom Cruise,2012-12-20,Jack Reacher,56.868399,218340595.0,6.3,2998.0,Crime,50.0
27,Tom Cruise,2013-04-10,Oblivion,67.698004,286168572.0,6.4,4800.0,Action,51.0
28,Tom Cruise,2014-05-27,Edge of Tomorrow,79.456485,370541256.0,7.6,4858.0,Action,52.0
29,Tom Cruise,2015-07-23,Mission: Impossible - Rogue Nation,114.52223700000002,682330139.0,7.1,3224.0,Action,53.0
0,Woody Harrelson,1995-11-21,Money Train,10.004564,35431113.0,5.4,222.0,Action,34.0
1,Woody Harrelson,1996-07-04,Kingpin,17.329269,25023434.0,6.7,244.0,Comedy,35.0
2,Woody Harrelson,1997-12-25,Wag the Dog,13.581966,64256513.0,6.7,270.0,Comedy,36.0
3,Woody Harrelson,1998-12-25,The Thin Red Line,40.072583,98126565.0,7.2,771.0,Drama,37.0
4,Woody Harrelson,1999-03-26,Edtv,14.298297,0.0,5.7,166.0,Comedy,38.0
5,Woody Harrelson,1999-12-25,Play It to the Bone,5.566203,8434146.0,5.7,53.0,Comedy,38.0
6,Woody Harrelson,2004-11-12,After the Sunset,14.113066,61347797.0,6.0,226.0,Action,43.0
7,Woody Harrelson,2005-02-12,North Country,12.779200999999999,25224242.0,6.8,125.0,Drama,44.0
8,Woody Harrelson,2006-05-25,A Scanner Darkly,26.093042999999998,7659918.0,6.8,532.0,Animation,45.0
9,Woody Harrelson,2006-06-09,A Prairie Home Companion,5.025446,0.0,6.4,81.0,Drama,45.0
10,Woody Harrelson,2007-11-08,No Country for Old Men,53.645267000000004,171600000.0,7.7,3003.0,Crime,46.0
11,Woody Harrelson,2008-01-18,Transsiberian,11.428903,5926410.0,6.5,195.0,Thriller,47.0
12,Woody Harrelson,2008-02-28,Semi-Pro,10.449975,33472850.0,5.4,251.0,Comedy,47.0
13,Woody Harrelson,2008-09-05,"Surfer, Dude",2.404626,69497.0,4.7,25.0,Comedy,47.0
14,Woody Harrelson,2008-12-18,Seven Pounds,41.472404,168167691.0,7.5,2039.0,Drama,47.0
15,Woody Harrelson,2009-09-12,Defendor,8.45342,44462.0,6.5,195.0,Drama,48.0
16,Woody Harrelson,2009-10-07,Zombieland,57.300674,102391382.0,7.2,3550.0,Comedy,48.0
17,Woody Harrelson,2009-10-10,2012,45.274225,769653595.0,5.6,4903.0,Action,48.0
18,Woody Harrelson,2009-11-13,The Messenger,8.432400999999999,1521261.0,7.1,119.0,Drama,48.0
19,Woody Harrelson,2011-07-21,Friends with Benefits,40.526587,150483765.0,6.5,2237.0,Romance,50.0
20,Woody Harrelson,2012-03-12,The Hunger Games,68.550698,691210692.0,6.9,9455.0,Science Fiction,51.0
21,Woody Harrelson,2012-09-07,Seven Psychopaths,32.306455,19422261.0,6.7,1206.0,Comedy,51.0
22,Woody Harrelson,2013-05-29,Now You See Me,71.124686,117698894.0,7.3,5487.0,Thriller,52.0
23,Woody Harrelson,2013-10-30,Free Birds,14.414937,110000000.0,5.7,254.0,Animation,52.0
24,Woody Harrelson,2013-11-15,The Hunger Games: Catching Fire,76.310119,847423452.0,7.4,6495.0,Adventure,52.0
25,Woody Harrelson,2013-12-06,Out of the Furnace,29.230297999999998,15400000.0,6.5,720.0,Thriller,52.0
26,Woody Harrelson,2014-11-18,The Hunger Games: Mockingjay - Part 1,206.227151,752100229.0,6.6,5584.0,Science Fiction,53.0
27,Woody Harrelson,2015-11-18,The Hunger Games: Mockingjay - Part 2,127.28442700000001,653428261.0,6.6,3984.0,Action,54.0
28,Woody Harrelson,2016-02-19,Triple 9,29.371987,12639297.0,5.6,797.0,Action,55.0
29,Woody Harrelson,2016-06-02,Now You See Me 2,51.535701,334901337.0,6.7,3235.0,Action,55.0
0,Tom Hanks,1984-03-09,Splash,21.735068,69821334.0,6.1,321.0,Comedy,28.0
1,Tom Hanks,1988-06-03,Big,20.716023,151668774.0,6.9,993.0,Fantasy,32.0
2,Tom Hanks,1992-02-21,Radio Flyer,3.5034080000000003,4651977.0,6.6,53.0,Drama,36.0
3,Tom Hanks,1992-07-01,A League of Their Own,21.661027999999998,107458785.0,6.7,354.0,Comedy,36.0
4,Tom Hanks,1993-12-22,Philadelphia,44.301745000000004,206678440.0,7.6,988.0,Drama,37.0
5,Tom Hanks,1994-07-06,Forrest Gump,138.133331,677945399.0,8.2,7927.0,Comedy,38.0
6,Tom Hanks,1995-06-30,Apollo 13,68.140214,355237933.0,7.3,1599.0,Drama,39.0
7,Tom Hanks,1995-10-30,Toy Story,73.640445,373554033.0,7.7,5269.0,Animation,39.0
8,Tom Hanks,1996-10-04,That Thing You Do!,14.885388,34585416.0,6.8,225.0,Comedy,40.0
9,Tom Hanks,1998-07-24,Saving Private Ryan,76.04186700000002,481840909.0,7.9,5048.0,Drama,42.0
10,Tom Hanks,1998-12-17,You've Got Mail,28.540267,250821495.0,6.3,838.0,Comedy,42.0
11,Tom Hanks,1999-10-30,Toy Story 2,73.575118,497366869.0,7.3,3806.0,Animation,43.0
12,Tom Hanks,1999-12-10,The Green Mile,103.698022,284600000.0,8.2,4048.0,Fantasy,43.0
13,Tom Hanks,2000-12-22,Cast Away,57.739713,429632142.0,7.5,3218.0,Adventure,44.0
14,Tom Hanks,2002-07-12,Road to Perdition,49.078546,181001478.0,7.3,1077.0,Thriller,46.0
15,Tom Hanks,2002-12-25,Catch Me If You Can,73.94404899999998,352114312.0,7.7,3795.0,Drama,46.0
16,Tom Hanks,2004-03-25,The Ladykillers,23.666229,0.0,6.0,415.0,Comedy,48.0
17,Tom Hanks,2004-06-17,The Terminal,57.753914,219417255.0,7.0,1910.0,Comedy,48.0
18,Tom Hanks,2004-11-10,The Polar Express,47.323228,305875730.0,6.4,1474.0,Adventure,48.0
19,Tom Hanks,2006-05-17,The Da Vinci Code,45.313196999999995,767820459.0,6.5,2704.0,Thriller,50.0
20,Tom Hanks,2006-08-04,Who Killed the Electric Car?,5.3231839999999995,1678874.0,7.2,59.0,Documentary,50.0
21,Tom Hanks,2007-12-19,Charlie Wilson's War,18.70031,119000410.0,6.5,338.0,Comedy,51.0
22,Tom Hanks,2009-05-13,Angels & Demons,67.447636,356613439.0,6.5,2129.0,Thriller,53.0
23,Tom Hanks,2010-06-16,Toy Story 3,59.99541800000001,1066969703.0,7.6,4597.0,Animation,54.0
24,Tom Hanks,2011-06-30,Larry Crowne,20.355458,36160375.0,5.7,359.0,Comedy,55.0
25,Tom Hanks,2011-12-24,Extremely Loud & Incredibly Close,31.066874,55247881.0,6.9,708.0,Drama,55.0
26,Tom Hanks,2012-10-26,Cloud Atlas,73.872343,130482868.0,6.6,2977.0,Drama,56.0
27,Tom Hanks,2013-10-10,Captain Phillips,52.786917,95000000.0,7.6,2454.0,Action,57.0
28,Tom Hanks,2013-11-16,Saving Mr. Banks,31.957946999999997,112544580.0,7.3,1226.0,Comedy,57.0
29,Tom Hanks,2015-10-15,Bridge of Spies,48.445978000000004,165478348.0,7.2,2583.0,Thriller,59.0
0,John C. Reilly,1989-12-15,We're No Angels,9.927017999999999,0.0,5.6,105.0,Comedy,24.0
1,John C. Reilly,1990-06-27,Days of Thunder,16.278022,157920733.0,5.9,353.0,Adventure,25.0
2,John C. Reilly,1992-12-25,Hoffa,5.926966,0.0,6.1,81.0,Crime,27.0
3,John C. Reilly,1993-12-17,What's Eating Gilbert Grape,33.282794,30000000.0,7.5,919.0,Romance,28.0
4,John C. Reilly,1994-09-30,The River Wild,12.362876,0.0,6.1,210.0,Action,29.0
5,John C. Reilly,1997-09-11,Boogie Nights,19.85579,43101594.0,7.5,796.0,Drama,32.0
6,John C. Reilly,1998-12-25,The Thin Red Line,40.072583,98126565.0,7.2,771.0,Drama,33.0
7,John C. Reilly,1999-09-17,For Love of the Game,9.622345,0.0,6.3,88.0,Drama,34.0
8,John C. Reilly,1999-12-08,Magnolia,30.993736,48451803.0,7.5,825.0,Drama,34.0
9,John C. Reilly,2000-03-15,The Perfect Storm,25.752118,325756637.0,6.2,597.0,Drama,35.0
10,John C. Reilly,2002-01-12,The Good Girl,9.799177,16856124.0,6.1,181.0,Drama,37.0
11,John C. Reilly,2002-12-14,Gangs of New York,46.160047999999996,193772504.0,7.1,1910.0,Drama,37.0
12,John C. Reilly,2002-12-26,Chicago,32.217425,306776732.0,6.9,677.0,Action,37.0
13,John C. Reilly,2004-12-17,The Aviator,45.616098,102000000.0,7.0,1489.0,Drama,39.0
14,John C. Reilly,2005-06-27,Dark Water,14.376463000000001,25473093.0,5.3,274.0,Drama,40.0
15,John C. Reilly,2006-06-09,A Prairie Home Companion,5.025446,0.0,6.4,81.0,Drama,41.0
16,John C. Reilly,2006-08-04,Talladega Nights: The Ballad of Ricky Bobby,12.599836,162966177.0,6.2,491.0,Comedy,41.0
17,John C. Reilly,2007-12-21,Walk Hard: The Dewey Cox Story,10.73522,18317151.0,6.6,212.0,Comedy,42.0
18,John C. Reilly,2008-07-25,Step Brothers,22.977983,128107642.0,6.5,1062.0,Comedy,43.0
19,John C. Reilly,2009-08-19,9,55.806402,48428063.0,6.6,1262.0,Action,44.0
20,John C. Reilly,2009-10-23,Cirque du Freak: The Vampire's Assistant,16.424807,28169671.0,5.5,348.0,Adventure,44.0
21,John C. Reilly,2010-06-18,Cyrus,15.212569,0.0,6.1,133.0,Comedy,45.0
22,John C. Reilly,2010-08-01,The Extra Man,2.26778,453079.0,5.9,29.0,Comedy,45.0
23,John C. Reilly,2011-02-11,Cedar Rapids,10.254807000000001,6861102.0,5.9,135.0,Comedy,46.0
24,John C. Reilly,2011-09-16,Carnage,20.011435000000002,27603069.0,7.0,738.0,Comedy,46.0
25,John C. Reilly,2011-09-28,We Need to Talk About Kevin,21.276864,6038942.0,7.4,677.0,Drama,46.0
26,John C. Reilly,2012-03-02,Tim and Eric's Billion Dollar Movie,1.75311,0.0,5.2,34.0,Comedy,47.0
27,John C. Reilly,2012-05-15,The Dictator,31.349142999999998,179379533.0,5.9,1743.0,Comedy,47.0
28,John C. Reilly,2012-11-01,Wreck-It Ralph,62.341073,471222889.0,7.1,4570.0,Family,47.0
29,John C. Reilly,2014-07-30,Guardians of the Galaxy,481.09862400000003,773328629.0,7.9,9742.0,Action,49.0
